time_s,luminaire_id,direction,brightness,target_brightness,temperature_c,fault_status,health_score,rex_status
0.0,P001-A,A,0.48,1.0,39.36,ok,97.9999904,Reuse
0.0,P001-B,B,0.3,0.3,35.84,ok,97.999994,Reuse
0.0,P002-A,A,0.48,0.8884782608695653,39.88,ok,97.9999904,Reuse
0.0,P002-B,B,0.3,0.3,35.72,ok,97.999994,Reuse
0.0,P003-A,A,0.48,0.7602173913043477,39.7,ok,97.9999904,Reuse
0.0,P003-B,B,0.3,0.3,36.19,ok,97.999994,Reuse
0.0,P004-A,A,0.48,0.6319565217391304,38.93,ok,97.9999904,Reuse
0.0,P004-B,B,0.3,0.3,36.41,ok,97.999994,Reuse
0.0,P005-A,A,0.48,0.503695652173913,38.9,ok,97.9999904,Reuse
0.0,P005-B,B,0.3,0.3,36.29,ok,97.999994,Reuse
0.0,P006-A,A,0.3,0.3,35.71,ok,97.999994,Reuse
0.0,P006-B,B,0.3,0.3,35.75,ok,97.999994,Reuse
0.0,P007-A,A,0.3,0.3,36.28,ok,97.999994,Reuse
0.0,P007-B,B,0.3,0.3,36.92,ok,97.999994,Reuse
0.0,P008-A,A,0.3,0.3,35.8,ok,97.999994,Reuse
0.0,P008-B,B,0.3,0.3,35.96,ok,97.999994,Reuse
0.0,P009-A,A,0.3,0.3,36.6,ok,97.999994,Reuse
0.0,P009-B,B,0.3,0.3,37.12,ok,97.999994,Reuse
0.0,P010-A,A,0.3,0.3,36.52,ok,97.999994,Reuse
0.0,P010-B,B,0.3,0.3,36.23,ok,97.999994,Reuse
0.0,P011-A,A,0.3,0.3,37.16,ok,97.999994,Reuse
0.0,P011-B,B,0.3,0.3,35.67,ok,97.999994,Reuse
0.0,P012-A,A,0.3,0.3,36.97,ok,97.999994,Reuse
0.0,P012-B,B,0.3,0.3,36.06,ok,97.999994,Reuse
0.0,P013-A,A,0.3,0.3,35.83,ok,97.999994,Reuse
0.0,P013-B,B,0.3,0.3,35.79,ok,97.999994,Reuse
0.0,P014-A,A,0.3,0.3,36.09,ok,97.999994,Reuse
0.0,P014-B,B,0.3,0.3,36.91,ok,97.999994,Reuse
0.0,P015-A,A,0.3,0.3,35.89,ok,97.999994,Reuse
0.0,P015-B,B,0.3,0.3,36.53,ok,97.999994,Reuse
0.0,P016-A,A,0.3,0.3,36.62,ok,97.999994,Reuse
0.0,P016-B,B,0.3,0.3,36.2,ok,97.999994,Reuse
0.0,P017-A,A,0.3,0.3,36.48,ok,97.999994,Reuse
0.0,P017-B,B,0.3,0.3,35.7,ok,97.999994,Reuse
0.0,P018-A,A,0.3,0.3,35.7,ok,97.999994,Reuse
0.0,P018-B,B,0.3,0.3,35.93,ok,97.999994,Reuse
0.0,P019-A,A,0.3,0.3,36.69,ok,97.999994,Reuse
0.0,P019-B,B,0.3,0.3,36.28,ok,97.999994,Reuse
0.0,P020-A,A,0.3,0.3,36.1,ok,97.999994,Reuse
0.0,P020-B,B,0.3,0.3,36.54,ok,97.999994,Reuse
0.0,P021-A,A,0.3,0.3,36.33,ok,97.999994,Reuse
0.0,P021-B,B,0.3,0.3,36.08,ok,97.999994,Reuse
0.0,P022-A,A,0.3,0.3,36.87,ok,97.999994,Reuse
0.0,P022-B,B,0.3,0.3,36.72,ok,97.999994,Reuse
0.0,P023-A,A,0.3,0.3,35.99,ok,97.999994,Reuse
0.0,P023-B,B,0.3,0.3,36.52,ok,97.999994,Reuse
0.0,P024-A,A,0.3,0.3,36.44,ok,97.999994,Reuse
0.0,P024-B,B,0.3,0.3,37.0,ok,97.999994,Reuse
0.0,P025-A,A,0.3,0.3,36.77,ok,97.999994,Reuse
0.0,P025-B,B,0.3,0.3,36.06,ok,97.999994,Reuse
0.0,P026-A,A,0.3,0.3,37.17,ok,97.999994,Reuse
0.0,P026-B,B,0.3,0.3,35.79,ok,97.999994,Reuse
0.0,P027-A,A,0.3,0.3,36.27,ok,97.999994,Reuse
0.0,P027-B,B,0.3,0.3,36.81,ok,97.999994,Reuse
0.0,P028-A,A,0.3,0.3,35.84,ok,97.999994,Reuse
0.0,P028-B,B,0.3,0.3,36.38,ok,97.999994,Reuse
0.0,P029-A,A,0.3,0.3,35.66,ok,97.999994,Reuse
0.0,P029-B,B,0.3,0.3,36.67,ok,97.999994,Reuse
0.0,P030-A,A,0.3,0.3,36.82,ok,97.999994,Reuse
0.0,P030-B,B,0.3,0.3,36.52,ok,97.999994,Reuse
0.0,P031-A,A,0.3,0.3,37.0,ok,97.999994,Reuse
0.0,P031-B,B,0.3,0.3,36.1,ok,97.999994,Reuse
0.0,P032-A,A,0.3,0.3,36.71,ok,97.999994,Reuse
0.0,P032-B,B,0.3,0.3,36.55,ok,97.999994,Reuse
1.0,P001-A,A,0.6599999999999999,1.0,43.04,ok,97.9999772,Reuse
1.0,P001-B,B,0.3,0.3,36.36,ok,97.999988,Reuse
1.0,P002-A,A,0.6599999999999999,0.9334782608695652,43.45,ok,97.9999772,Reuse
1.0,P002-B,B,0.3,0.3,37.14,ok,97.999988,Reuse
1.0,P003-A,A,0.6599999999999999,0.8052173913043478,42.87,ok,97.9999772,Reuse
1.0,P003-B,B,0.3,0.3,36.69,ok,97.999988,Reuse
1.0,P004-A,A,0.6599999999999999,0.6769565217391305,42.2,ok,97.9999772,Reuse
1.0,P004-B,B,0.3,0.3,36.75,ok,97.999988,Reuse
1.0,P005-A,A,0.548695652173913,0.548695652173913,41.14,ok,97.99997942608695,Reuse
1.0,P005-B,B,0.3,0.3,37.22,ok,97.999988,Reuse
1.0,P006-A,A,0.3,0.3,36.94,ok,97.999988,Reuse
1.0,P006-B,B,0.3,0.3,36.08,ok,97.999988,Reuse
1.0,P007-A,A,0.3,0.3,36.24,ok,97.999988,Reuse
1.0,P007-B,B,0.3,0.3,36.7,ok,97.999988,Reuse
1.0,P008-A,A,0.3,0.3,35.66,ok,97.999988,Reuse
1.0,P008-B,B,0.3,0.3,36.37,ok,97.999988,Reuse
1.0,P009-A,A,0.3,0.3,35.9,ok,97.999988,Reuse
1.0,P009-B,B,0.3,0.3,35.81,ok,97.999988,Reuse
1.0,P010-A,A,0.3,0.3,35.72,ok,97.999988,Reuse
1.0,P010-B,B,0.3,0.3,36.86,ok,97.999988,Reuse
1.0,P011-A,A,0.3,0.3,35.83,ok,97.999988,Reuse
1.0,P011-B,B,0.3,0.3,36.02,ok,97.999988,Reuse
1.0,P012-A,A,0.3,0.3,36.25,ok,97.999988,Reuse
1.0,P012-B,B,0.3,0.3,37.02,ok,97.999988,Reuse
1.0,P013-A,A,0.3,0.3,35.76,ok,97.999988,Reuse
1.0,P013-B,B,0.3,0.3,36.35,ok,97.999988,Reuse
1.0,P014-A,A,0.3,0.3,36.51,ok,97.999988,Reuse
1.0,P014-B,B,0.3,0.3,37.04,ok,97.999988,Reuse
1.0,P015-A,A,0.3,0.3,36.94,ok,97.999988,Reuse
1.0,P015-B,B,0.3,0.3,37.01,ok,97.999988,Reuse
1.0,P016-A,A,0.3,0.3,36.07,ok,97.999988,Reuse
1.0,P016-B,B,0.3,0.3,36.29,ok,97.999988,Reuse
1.0,P017-A,A,0.3,0.3,36.2,ok,97.999988,Reuse
1.0,P017-B,B,0.3,0.3,37.04,ok,97.999988,Reuse
1.0,P018-A,A,0.3,0.3,37.16,ok,97.999988,Reuse
1.0,P018-B,B,0.3,0.3,35.87,ok,97.999988,Reuse
1.0,P019-A,A,0.3,0.3,35.91,ok,97.999988,Reuse
1.0,P019-B,B,0.3,0.3,36.0,ok,97.999988,Reuse
1.0,P020-A,A,0.3,0.3,36.0,ok,97.999988,Reuse
1.0,P020-B,B,0.3,0.3,36.4,ok,97.999988,Reuse
1.0,P021-A,A,0.3,0.3,36.57,ok,97.999988,Reuse
1.0,P021-B,B,0.3,0.3,36.05,ok,97.999988,Reuse
1.0,P022-A,A,0.3,0.3,35.63,ok,97.999988,Reuse
1.0,P022-B,B,0.3,0.3,36.3,ok,97.999988,Reuse
1.0,P023-A,A,0.3,0.3,36.22,ok,97.999988,Reuse
1.0,P023-B,B,0.3,0.3,36.53,ok,97.999988,Reuse
1.0,P024-A,A,0.3,0.3,37.15,ok,97.999988,Reuse
1.0,P024-B,B,0.3,0.3,36.73,ok,97.999988,Reuse
1.0,P025-A,A,0.3,0.3,36.45,ok,97.999988,Reuse
1.0,P025-B,B,0.3,0.3,36.62,ok,97.999988,Reuse
1.0,P026-A,A,0.3,0.3,36.71,ok,97.999988,Reuse
1.0,P026-B,B,0.3,0.3,35.71,ok,97.999988,Reuse
1.0,P027-A,A,0.3,0.3,37.07,ok,97.999988,Reuse
1.0,P027-B,B,0.3,0.3,36.88,ok,97.999988,Reuse
1.0,P028-A,A,0.3,0.3,37.03,ok,97.999988,Reuse
1.0,P028-B,B,0.3,0.3,36.9,ok,97.999988,Reuse
1.0,P029-A,A,0.3,0.3,36.26,ok,97.999988,Reuse
1.0,P029-B,B,0.3,0.3,36.27,ok,97.999988,Reuse
1.0,P030-A,A,0.3,0.3,35.79,ok,97.999988,Reuse
1.0,P030-B,B,0.3,0.3,36.64,ok,97.999988,Reuse
1.0,P031-A,A,0.3,0.3,35.73,ok,97.999988,Reuse
1.0,P031-B,B,0.3,0.3,35.74,ok,97.999988,Reuse
1.0,P032-A,A,0.3,0.3,35.96,ok,97.999988,Reuse
1.0,P032-B,B,0.3,0.3,35.89,ok,97.999988,Reuse
2.0,P001-A,A,0.6599999999999999,0.6599999999999999,42.68,ok,97.999964,Reuse
2.0,P001-B,B,0.3,0.3,35.74,ok,97.999982,Reuse
2.0,P002-A,A,0.8399999999999999,1.0,45.37,ok,97.9999604,Reuse
2.0,P002-B,B,0.3,0.3,35.9,ok,97.999982,Reuse
2.0,P003-A,A,0.8399999999999999,0.9002173913043479,45.54,ok,97.9999604,Reuse
2.0,P003-B,B,0.3,0.3,36.24,ok,97.999982,Reuse
2.0,P004-A,A,0.7719565217391304,0.7719565217391304,44.19,ok,97.99996176086957,Reuse
2.0,P004-B,B,0.3,0.3,37.05,ok,97.999982,Reuse
2.0,P005-A,A,0.6436956521739131,0.6436956521739131,42.82,ok,97.9999665521739,Reuse
2.0,P005-B,B,0.3,0.3,35.89,ok,97.999982,Reuse
2.0,P006-A,A,0.48,0.5154347826086957,39.3,ok,97.9999784,Reuse
2.0,P006-B,B,0.3,0.3,36.21,ok,97.999982,Reuse
2.0,P007-A,A,0.3,0.3,36.24,ok,97.999982,Reuse
2.0,P007-B,B,0.3,0.3,35.85,ok,97.999982,Reuse
2.0,P008-A,A,0.3,0.3,37.01,ok,97.999982,Reuse
2.0,P008-B,B,0.3,0.3,37.24,ok,97.999982,Reuse
2.0,P009-A,A,0.3,0.3,36.4,ok,97.999982,Reuse
2.0,P009-B,B,0.3,0.3,36.43,ok,97.999982,Reuse
2.0,P010-A,A,0.48,0.7,39.03,driver_degraded,47.999640400000004,Remanufacture
2.0,P010-B,B,0.3,0.3,35.82,ok,97.999982,Reuse
2.0,P011-A,A,0.3,0.3,36.2,ok,97.999982,Reuse
2.0,P011-B,B,0.3,0.3,36.08,ok,97.999982,Reuse
2.0,P012-A,A,0.3,0.3,36.98,ok,97.999982,Reuse
2.0,P012-B,B,0.3,0.3,35.91,ok,97.999982,Reuse
2.0,P013-A,A,0.3,0.3,35.69,ok,97.999982,Reuse
2.0,P013-B,B,0.3,0.3,37.18,ok,97.999982,Reuse
2.0,P014-A,A,0.3,0.3,36.5,ok,97.999982,Reuse
2.0,P014-B,B,0.3,0.3,35.89,ok,97.999982,Reuse
2.0,P015-A,A,0.3,0.3,36.52,ok,97.999982,Reuse
2.0,P015-B,B,0.3,0.3,35.7,ok,97.999982,Reuse
2.0,P016-A,A,0.3,0.3,36.5,ok,97.999982,Reuse
2.0,P016-B,B,0.3,0.3,37.22,ok,97.999982,Reuse
2.0,P017-A,A,0.3,0.3,37.04,ok,97.999982,Reuse
2.0,P017-B,B,0.3,0.3,36.77,ok,97.999982,Reuse
2.0,P018-A,A,0.3,0.3,36.07,ok,97.999982,Reuse
2.0,P018-B,B,0.3,0.3,36.24,ok,97.999982,Reuse
2.0,P019-A,A,0.3,0.3,35.92,ok,97.999982,Reuse
2.0,P019-B,B,0.3,0.3,36.89,ok,97.999982,Reuse
2.0,P020-A,A,0.3,0.3,36.51,ok,97.999982,Reuse
2.0,P020-B,B,0.3,0.3,36.9,ok,97.999982,Reuse
2.0,P021-A,A,0.3,0.3,36.18,ok,97.999982,Reuse
2.0,P021-B,B,0.3,0.3,36.01,ok,97.999982,Reuse
2.0,P022-A,A,0.3,0.3,36.95,ok,97.999982,Reuse
2.0,P022-B,B,0.3,0.3,37.23,ok,97.999982,Reuse
2.0,P023-A,A,0.3,0.3,37.02,ok,97.999982,Reuse
2.0,P023-B,B,0.3,0.3,36.94,ok,97.999982,Reuse
2.0,P024-A,A,0.3,0.3,36.96,ok,97.999982,Reuse
2.0,P024-B,B,0.3,0.3,36.84,ok,97.999982,Reuse
2.0,P025-A,A,0.3,0.3,36.02,ok,97.999982,Reuse
2.0,P025-B,B,0.3,0.3,36.48,ok,97.999982,Reuse
2.0,P026-A,A,0.3,0.3,36.22,ok,97.999982,Reuse
2.0,P026-B,B,0.3,0.3,35.7,ok,97.999982,Reuse
2.0,P027-A,A,0.3,0.3,35.7,ok,97.999982,Reuse
2.0,P027-B,B,0.3,0.3,36.1,ok,97.999982,Reuse
2.0,P028-A,A,0.3,0.3,36.07,ok,97.999982,Reuse
2.0,P028-B,B,0.3,0.3,36.76,ok,97.999982,Reuse
2.0,P029-A,A,0.3,0.3,37.18,ok,97.999982,Reuse
2.0,P029-B,B,0.3,0.3,36.37,ok,97.999982,Reuse
2.0,P030-A,A,0.3,0.3,37.15,ok,97.999982,Reuse
2.0,P030-B,B,0.3,0.3,37.24,ok,97.999982,Reuse
2.0,P031-A,A,0.3,0.3,37.18,ok,97.999982,Reuse
2.0,P031-B,B,0.3,0.3,36.24,ok,97.999982,Reuse
2.0,P032-A,A,0.3,0.3,36.01,ok,97.999982,Reuse
2.0,P032-B,B,0.3,0.3,36.02,ok,97.999982,Reuse
3.0,P001-A,A,0.6599999999999999,0.6599999999999999,42.48,ok,97.99995080000001,Reuse
3.0,P001-B,B,0.3,0.3,36.01,ok,97.999976,Reuse
3.0,P002-A,A,1.0,1.0,49.28,ok,97.9999404,Reuse
3.0,P002-B,B,0.3,0.3,37.12,ok,97.999976,Reuse
3.0,P003-A,A,0.9452173913043478,0.9452173913043478,48.64,ok,97.99994149565218,Reuse
3.0,P003-B,B,0.3,0.3,36.45,ok,97.999976,Reuse
3.0,P004-A,A,0.8169565217391304,0.8169565217391304,46.03,ok,97.99994542173913,Reuse
3.0,P004-B,B,0.3,0.3,36.96,ok,97.999976,Reuse
3.0,P005-A,A,0.688695652173913,0.688695652173913,42.81,ok,97.99995277826086,Reuse
3.0,P005-B,B,0.3,0.3,36.74,ok,97.999976,Reuse
3.0,P006-A,A,0.5604347826086956,0.5604347826086956,41.83,ok,97.99996719130435,Reuse
3.0,P006-B,B,0.3,0.3,36.93,ok,97.999976,Reuse
3.0,P007-A,A,0.3,0.3,36.88,ok,97.999976,Reuse
3.0,P007-B,B,0.3,0.3,36.45,ok,97.999976,Reuse
3.0,P008-A,A,0.3,0.3,35.97,ok,97.999976,Reuse
3.0,P008-B,B,0.3,0.3,36.94,ok,97.999976,Reuse
3.0,P009-A,A,0.3,0.3,36.21,ok,97.999976,Reuse
3.0,P009-B,B,0.3,0.3,36.96,ok,97.999976,Reuse
3.0,P010-A,A,0.6599999999999999,0.7,43.72,driver_degraded,47.99927720000001,Remanufacture
3.0,P010-B,B,0.3,0.3,36.32,ok,97.999976,Reuse
3.0,P011-A,A,0.3,0.3,36.32,ok,97.999976,Reuse
3.0,P011-B,B,0.3,0.3,37.2,ok,97.999976,Reuse
3.0,P012-A,A,0.3,0.3,36.84,ok,97.999976,Reuse
3.0,P012-B,B,0.3,0.3,35.95,ok,97.999976,Reuse
3.0,P013-A,A,0.3,0.3,35.89,ok,97.999976,Reuse
3.0,P013-B,B,0.3,0.3,35.92,ok,97.999976,Reuse
3.0,P014-A,A,0.3,0.3,37.13,ok,97.999976,Reuse
3.0,P014-B,B,0.3,0.3,36.97,ok,97.999976,Reuse
3.0,P015-A,A,0.3,0.3,35.92,ok,97.999976,Reuse
3.0,P015-B,B,0.3,0.3,37.0,ok,97.999976,Reuse
3.0,P016-A,A,0.3,0.3,37.25,ok,97.999976,Reuse
3.0,P016-B,B,0.3,0.3,36.73,ok,97.999976,Reuse
3.0,P017-A,A,0.3,0.3,36.24,ok,97.999976,Reuse
3.0,P017-B,B,0.3,0.3,36.56,ok,97.999976,Reuse
3.0,P018-A,A,0.3,0.3,35.89,ok,97.999976,Reuse
3.0,P018-B,B,0.3,0.3,35.7,ok,97.999976,Reuse
3.0,P019-A,A,0.3,0.3,37.24,ok,97.999976,Reuse
3.0,P019-B,B,0.3,0.3,36.72,ok,97.999976,Reuse
3.0,P020-A,A,0.3,0.3,36.52,ok,97.999976,Reuse
3.0,P020-B,B,0.3,0.3,37.18,ok,97.999976,Reuse
3.0,P021-A,A,0.3,0.3,36.38,ok,97.999976,Reuse
3.0,P021-B,B,0.3,0.3,37.08,ok,97.999976,Reuse
3.0,P022-A,A,0.3,0.3,37.0,ok,97.999976,Reuse
3.0,P022-B,B,0.3,0.3,36.02,ok,97.999976,Reuse
3.0,P023-A,A,0.3,0.3,36.08,ok,97.999976,Reuse
3.0,P023-B,B,0.3,0.3,36.15,ok,97.999976,Reuse
3.0,P024-A,A,0.3,0.3,36.07,ok,97.999976,Reuse
3.0,P024-B,B,0.3,0.3,36.62,ok,97.999976,Reuse
3.0,P025-A,A,0.3,0.3,36.1,ok,97.999976,Reuse
3.0,P025-B,B,0.3,0.3,36.35,ok,97.999976,Reuse
3.0,P026-A,A,0.3,0.3,35.89,ok,97.999976,Reuse
3.0,P026-B,B,0.3,0.3,37.14,ok,97.999976,Reuse
3.0,P027-A,A,0.3,0.3,36.25,ok,97.999976,Reuse
3.0,P027-B,B,0.3,0.3,36.41,ok,97.999976,Reuse
3.0,P028-A,A,0.3,0.3,36.62,ok,97.999976,Reuse
3.0,P028-B,B,0.3,0.3,37.13,ok,97.999976,Reuse
3.0,P029-A,A,0.3,0.3,36.35,ok,97.999976,Reuse
3.0,P029-B,B,0.3,0.3,37.15,ok,97.999976,Reuse
3.0,P030-A,A,0.3,0.3,36.48,ok,97.999976,Reuse
3.0,P030-B,B,0.3,0.3,36.53,ok,97.999976,Reuse
3.0,P031-A,A,0.3,0.3,36.52,ok,97.999976,Reuse
3.0,P031-B,B,0.3,0.3,35.71,ok,97.999976,Reuse
3.0,P032-A,A,0.3,0.3,36.39,ok,97.999976,Reuse
3.0,P032-B,B,0.3,0.3,35.97,ok,97.999976,Reuse
4.0,P001-A,A,0.6599999999999999,0.6599999999999999,42.2,ok,97.99993760000001,Reuse
4.0,P001-B,B,0.3,0.3,36.99,ok,97.99997,Reuse
4.0,P002-A,A,1.0,1.0,48.58,ok,97.9999204,Reuse
4.0,P002-B,B,0.3,0.3,36.47,ok,97.99997,Reuse
4.0,P003-A,A,1.0,1.0,49.47,ok,97.99992149565217,Reuse
4.0,P003-B,B,0.3,0.3,36.6,ok,97.99997,Reuse
4.0,P004-A,A,0.9119565217391304,0.9119565217391304,47.25,ok,97.99992718260869,Reuse
4.0,P004-B,B,0.3,0.3,36.54,ok,97.99997,Reuse
4.0,P005-A,A,0.783695652173913,0.783695652173913,45.3,ok,97.99993710434782,Reuse
4.0,P005-B,B,0.3,0.3,36.96,ok,97.99997,Reuse
4.0,P006-A,A,0.6554347826086957,0.6554347826086957,42.28,ok,97.9999540826087,Reuse
4.0,P006-B,B,0.3,0.3,36.61,ok,97.99997,Reuse
4.0,P007-A,A,0.48,0.5271739130434783,39.35,ok,97.9999664,Reuse
4.0,P007-B,B,0.3,0.3,36.15,ok,97.99997,Reuse
4.0,P008-A,A,0.3,0.3,36.94,ok,97.99997,Reuse
4.0,P008-B,B,0.3,0.3,36.52,ok,97.99997,Reuse
4.0,P009-A,A,0.3,0.3,36.61,ok,97.99997,Reuse
4.0,P009-B,B,0.3,0.3,36.92,ok,97.99997,Reuse
4.0,P010-A,A,0.7,0.7,44.37,driver_degraded,47.99891320000001,Remanufacture
4.0,P010-B,B,0.3,0.3,36.42,ok,97.99997,Reuse
4.0,P011-A,A,0.3,0.3,36.69,ok,97.99997,Reuse
4.0,P011-B,B,0.3,0.3,36.52,ok,97.99997,Reuse
4.0,P012-A,A,0.3,0.3,36.53,ok,97.99997,Reuse
4.0,P012-B,B,0.3,0.3,36.82,ok,97.99997,Reuse
4.0,P013-A,A,0.3,0.3,36.43,ok,97.99997,Reuse
4.0,P013-B,B,0.3,0.3,36.56,ok,97.99997,Reuse
4.0,P014-A,A,0.3,0.3,36.47,ok,97.99997,Reuse
4.0,P014-B,B,0.3,0.3,37.22,ok,97.99997,Reuse
4.0,P015-A,A,0.3,0.3,36.83,ok,97.99997,Reuse
4.0,P015-B,B,0.3,0.3,37.11,ok,97.99997,Reuse
4.0,P016-A,A,0.3,0.3,37.22,ok,97.99997,Reuse
4.0,P016-B,B,0.3,0.3,36.12,ok,97.99997,Reuse
4.0,P017-A,A,0.3,0.3,36.6,ok,97.99997,Reuse
4.0,P017-B,B,0.3,0.3,37.22,ok,97.99997,Reuse
4.0,P018-A,A,0.3,0.3,37.05,ok,97.99997,Reuse
4.0,P018-B,B,0.3,0.3,35.93,ok,97.99997,Reuse
4.0,P019-A,A,0.3,0.3,35.9,ok,97.99997,Reuse
4.0,P019-B,B,0.3,0.3,36.42,ok,97.99997,Reuse
4.0,P020-A,A,0.3,0.3,35.83,ok,97.99997,Reuse
4.0,P020-B,B,0.3,0.3,36.09,ok,97.99997,Reuse
4.0,P021-A,A,0.3,0.3,35.83,ok,97.99997,Reuse
4.0,P021-B,B,0.3,0.3,36.78,ok,97.99997,Reuse
4.0,P022-A,A,0.3,0.3,36.96,ok,97.99997,Reuse
4.0,P022-B,B,0.3,0.3,37.14,ok,97.99997,Reuse
4.0,P023-A,A,0.3,0.3,35.96,ok,97.99997,Reuse
4.0,P023-B,B,0.3,0.3,36.85,ok,97.99997,Reuse
4.0,P024-A,A,0.3,0.3,36.77,ok,97.99997,Reuse
4.0,P024-B,B,0.3,0.3,35.94,ok,97.99997,Reuse
4.0,P025-A,A,0.3,0.3,37.12,ok,97.99997,Reuse
4.0,P025-B,B,0.3,0.3,37.26,ok,97.99997,Reuse
4.0,P026-A,A,0.3,0.3,36.06,ok,97.99997,Reuse
4.0,P026-B,B,0.3,0.3,37.23,ok,97.99997,Reuse
4.0,P027-A,A,0.3,0.3,36.35,ok,97.99997,Reuse
4.0,P027-B,B,0.3,0.3,36.49,ok,97.99997,Reuse
4.0,P028-A,A,0.3,0.3,37.29,ok,97.99997,Reuse
4.0,P028-B,B,0.3,0.3,37.04,ok,97.99997,Reuse
4.0,P029-A,A,0.3,0.3,35.97,ok,97.99997,Reuse
4.0,P029-B,B,0.3,0.3,36.4,ok,97.99997,Reuse
4.0,P030-A,A,0.3,0.3,36.53,ok,97.99997,Reuse
4.0,P030-B,B,0.3,0.3,36.25,ok,97.99997,Reuse
4.0,P031-A,A,0.3,0.3,36.02,ok,97.99997,Reuse
4.0,P031-B,B,0.3,0.3,36.22,ok,97.99997,Reuse
4.0,P032-A,A,0.3,0.3,36.86,ok,97.99997,Reuse
4.0,P032-B,B,0.3,0.3,35.74,ok,97.99997,Reuse
5.0,P001-A,A,0.6599999999999999,0.6599999999999999,43.1,ok,97.99992440000001,Reuse
5.0,P001-B,B,0.3,0.3,36.44,ok,97.999964,Reuse
5.0,P002-A,A,1.0,1.0,48.37,ok,97.99990039999999,Reuse
5.0,P002-B,B,0.3,0.3,36.27,ok,97.999964,Reuse
5.0,P003-A,A,1.0,1.0,49.33,ok,97.99990149565217,Reuse
5.0,P003-B,B,0.3,0.3,36.56,ok,97.999964,Reuse
5.0,P004-A,A,0.9569565217391305,0.9569565217391305,47.66,ok,97.99990804347826,Reuse
5.0,P004-B,B,0.3,0.3,37.31,ok,97.999964,Reuse
5.0,P005-A,A,0.828695652173913,0.828695652173913,46.51,ok,97.99992053043478,Reuse
5.0,P005-B,B,0.3,0.3,37.29,ok,97.999964,Reuse
5.0,P006-A,A,0.7004347826086957,0.7004347826086957,43.11,ok,97.99994007391304,Reuse
5.0,P006-B,B,0.3,0.3,36.16,ok,97.999964,Reuse
5.0,P007-A,A,0.5721739130434783,0.5721739130434783,40.7,ok,97.99995495652175,Reuse
5.0,P007-B,B,0.3,0.3,36.98,ok,97.999964,Reuse
5.0,P008-A,A,0.3,0.3,36.17,ok,97.999964,Reuse
5.0,P008-B,B,0.3,0.3,35.94,ok,97.999964,Reuse
5.0,P009-A,A,0.3,0.3,36.41,ok,97.999964,Reuse
5.0,P009-B,B,0.3,0.3,37.19,ok,97.999964,Reuse
5.0,P010-A,A,0.7,0.7,44.25,driver_degraded,47.998549200000014,Remanufacture
5.0,P010-B,B,0.3,0.3,36.15,ok,97.999964,Reuse
5.0,P011-A,A,0.3,0.3,35.98,ok,97.999964,Reuse
5.0,P011-B,B,0.3,0.3,37.21,ok,97.999964,Reuse
5.0,P012-A,A,0.3,0.3,36.65,ok,97.999964,Reuse
5.0,P012-B,B,0.3,0.3,36.86,ok,97.999964,Reuse
5.0,P013-A,A,0.3,0.3,35.88,ok,97.999964,Reuse
5.0,P013-B,B,0.3,0.3,35.83,ok,97.999964,Reuse
5.0,P014-A,A,0.3,0.3,36.84,ok,97.999964,Reuse
5.0,P014-B,B,0.3,0.3,36.42,ok,97.999964,Reuse
5.0,P015-A,A,0.3,0.3,35.85,ok,97.999964,Reuse
5.0,P015-B,B,0.3,0.3,37.24,ok,97.999964,Reuse
5.0,P016-A,A,0.3,0.3,36.75,ok,97.999964,Reuse
5.0,P016-B,B,0.3,0.3,37.02,ok,97.999964,Reuse
5.0,P017-A,A,0.3,0.3,35.87,ok,97.999964,Reuse
5.0,P017-B,B,0.3,0.3,37.11,ok,97.999964,Reuse
5.0,P018-A,A,0.3,0.3,35.84,ok,97.999964,Reuse
5.0,P018-B,B,0.3,0.3,37.12,ok,97.999964,Reuse
5.0,P019-A,A,0.3,0.3,36.46,ok,97.999964,Reuse
5.0,P019-B,B,0.3,0.3,36.28,ok,97.999964,Reuse
5.0,P020-A,A,0.3,0.3,36.62,ok,97.999964,Reuse
5.0,P020-B,B,0.3,0.3,37.22,ok,97.999964,Reuse
5.0,P021-A,A,0.3,0.3,36.16,ok,97.999964,Reuse
5.0,P021-B,B,0.3,0.3,35.94,ok,97.999964,Reuse
5.0,P022-A,A,0.3,0.3,36.58,ok,97.999964,Reuse
5.0,P022-B,B,0.3,0.3,36.12,ok,97.999964,Reuse
5.0,P023-A,A,0.3,0.3,35.91,ok,97.999964,Reuse
5.0,P023-B,B,0.3,0.3,35.99,ok,97.999964,Reuse
5.0,P024-A,A,0.3,0.3,35.82,ok,97.999964,Reuse
5.0,P024-B,B,0.3,0.3,36.06,ok,97.999964,Reuse
5.0,P025-A,A,0.3,0.3,36.24,ok,97.999964,Reuse
5.0,P025-B,B,0.3,0.3,36.22,ok,97.999964,Reuse
5.0,P026-A,A,0.3,0.3,36.95,ok,97.999964,Reuse
5.0,P026-B,B,0.3,0.3,36.2,ok,97.999964,Reuse
5.0,P027-A,A,0.3,0.3,36.54,ok,97.999964,Reuse
5.0,P027-B,B,0.3,0.3,36.02,ok,97.999964,Reuse
5.0,P028-A,A,0.3,0.3,36.29,ok,97.999964,Reuse
5.0,P028-B,B,0.3,0.3,35.77,ok,97.999964,Reuse
5.0,P029-A,A,0.3,0.3,36.14,ok,97.999964,Reuse
5.0,P029-B,B,0.3,0.3,35.76,ok,97.999964,Reuse
5.0,P030-A,A,0.3,0.3,36.91,ok,97.999964,Reuse
5.0,P030-B,B,0.3,0.3,36.62,ok,97.999964,Reuse
5.0,P031-A,A,0.3,0.3,36.04,ok,97.999964,Reuse
5.0,P031-B,B,0.3,0.3,36.5,ok,97.999964,Reuse
5.0,P032-A,A,0.3,0.3,37.23,ok,97.999964,Reuse
5.0,P032-B,B,0.3,0.3,35.91,ok,97.999964,Reuse
6.0,P001-A,A,0.6599999999999999,0.6599999999999999,43.55,ok,97.99991120000001,Reuse
6.0,P001-B,B,0.3,0.3,36.45,ok,97.999958,Reuse
6.0,P002-A,A,1.0,1.0,49.16,ok,97.99988039999998,Reuse
6.0,P002-B,B,0.3,0.3,37.1,ok,97.999958,Reuse
6.0,P003-A,A,1.0,1.0,48.99,ok,97.99988149565216,Reuse
6.0,P003-B,B,0.3,0.3,36.57,ok,97.999958,Reuse
6.0,P004-A,A,1.0,1.0,49.46,ok,97.99988804347825,Reuse
6.0,P004-B,B,0.3,0.3,37.34,ok,97.999958,Reuse
6.0,P005-A,A,0.923695652173913,0.923695652173913,47.54,ok,97.99990205652173,Reuse
6.0,P005-B,B,0.3,0.3,37.09,ok,97.999958,Reuse
6.0,P006-A,A,0.7954347826086956,0.7954347826086956,45.81,ok,97.99992416521738,Reuse
6.0,P006-B,B,0.3,0.3,36.78,ok,97.999958,Reuse
6.0,P007-A,A,0.6671739130434783,0.6671739130434783,43.02,ok,97.99994161304349,Reuse
6.0,P007-B,B,0.3,0.3,36.32,ok,97.999958,Reuse
6.0,P008-A,A,0.48,0.5389130434782609,39.09,ok,97.99995440000001,Reuse
6.0,P008-B,B,0.3,0.3,35.97,ok,97.999958,Reuse
6.0,P009-A,A,0.3,0.3,35.88,ok,97.999958,Reuse
6.0,P009-B,B,0.3,0.3,36.95,ok,97.999958,Reuse
6.0,P010-A,A,0.7,0.7,43.37,driver_degraded,47.998185200000016,Remanufacture
6.0,P010-B,B,0.3,0.3,36.02,ok,97.999958,Reuse
6.0,P011-A,A,0.3,0.3,35.9,ok,97.999958,Reuse
6.0,P011-B,B,0.3,0.3,37.11,ok,97.999958,Reuse
6.0,P012-A,A,0.3,0.3,37.16,ok,97.999958,Reuse
6.0,P012-B,B,0.3,0.3,36.84,ok,97.999958,Reuse
6.0,P013-A,A,0.3,0.3,36.21,ok,97.999958,Reuse
6.0,P013-B,B,0.3,0.3,36.15,ok,97.999958,Reuse
6.0,P014-A,A,0.3,0.3,36.23,ok,97.999958,Reuse
6.0,P014-B,B,0.3,0.3,36.5,ok,97.999958,Reuse
6.0,P015-A,A,0.3,0.3,36.02,ok,97.999958,Reuse
6.0,P015-B,B,0.3,0.3,36.48,ok,97.999958,Reuse
6.0,P016-A,A,0.3,0.3,36.18,ok,97.999958,Reuse
6.0,P016-B,B,0.3,0.3,37.3,ok,97.999958,Reuse
6.0,P017-A,A,0.3,0.3,37.32,ok,97.999958,Reuse
6.0,P017-B,B,0.3,0.3,36.64,ok,97.999958,Reuse
6.0,P018-A,A,0.3,0.3,36.15,ok,97.999958,Reuse
6.0,P018-B,B,0.3,0.3,37.31,ok,97.999958,Reuse
6.0,P019-A,A,0.3,0.3,36.26,ok,97.999958,Reuse
6.0,P019-B,B,0.3,0.3,36.33,ok,97.999958,Reuse
6.0,P020-A,A,0.3,0.3,35.77,ok,97.999958,Reuse
6.0,P020-B,B,0.3,0.3,36.37,ok,97.999958,Reuse
6.0,P021-A,A,0.3,0.3,36.52,ok,97.999958,Reuse
6.0,P021-B,B,0.3,0.3,36.57,ok,97.999958,Reuse
6.0,P022-A,A,0.3,0.3,36.08,ok,97.999958,Reuse
6.0,P022-B,B,0.3,0.3,36.57,ok,97.999958,Reuse
6.0,P023-A,A,0.3,0.3,35.77,ok,97.999958,Reuse
6.0,P023-B,B,0.3,0.3,36.19,ok,97.999958,Reuse
6.0,P024-A,A,0.3,0.3,35.91,ok,97.999958,Reuse
6.0,P024-B,B,0.3,0.3,36.4,ok,97.999958,Reuse
6.0,P025-A,A,0.3,0.3,35.83,ok,97.999958,Reuse
6.0,P025-B,B,0.3,0.3,35.8,ok,97.999958,Reuse
6.0,P026-A,A,0.3,0.3,36.25,ok,97.999958,Reuse
6.0,P026-B,B,0.3,0.3,36.14,ok,97.999958,Reuse
6.0,P027-A,A,0.3,0.3,36.7,ok,97.999958,Reuse
6.0,P027-B,B,0.3,0.3,36.61,ok,97.999958,Reuse
6.0,P028-A,A,0.3,0.3,36.96,ok,97.999958,Reuse
6.0,P028-B,B,0.3,0.3,36.82,ok,97.999958,Reuse
6.0,P029-A,A,0.3,0.3,36.91,ok,97.999958,Reuse
6.0,P029-B,B,0.3,0.3,37.17,ok,97.999958,Reuse
6.0,P030-A,A,0.3,0.3,36.39,ok,97.999958,Reuse
6.0,P030-B,B,0.3,0.3,36.29,ok,97.999958,Reuse
6.0,P031-A,A,0.3,0.3,37.34,ok,97.999958,Reuse
6.0,P031-B,B,0.3,0.3,36.0,ok,97.999958,Reuse
6.0,P032-A,A,0.3,0.3,36.92,ok,97.999958,Reuse
6.0,P032-B,B,0.3,0.3,36.79,ok,97.999958,Reuse
7.0,P001-A,A,0.6599999999999999,0.6599999999999999,42.34,ok,97.99989800000002,Reuse
7.0,P001-B,B,0.3,0.3,37.13,ok,97.99995200000001,Reuse
7.0,P002-A,A,1.0,1.0,49.82,ok,97.99986039999997,Reuse
7.0,P002-B,B,0.3,0.3,36.79,ok,97.99995200000001,Reuse
7.0,P003-A,A,1.0,1.0,49.56,ok,97.99986149565215,Reuse
7.0,P003-B,B,0.3,0.3,37.09,ok,97.99995200000001,Reuse
7.0,P004-A,A,1.0,1.0,48.61,ok,97.99986804347824,Reuse
7.0,P004-B,B,0.3,0.3,36.63,ok,97.99995200000001,Reuse
7.0,P005-A,A,1.0,1.0,49.2,ok,97.99988205652173,Reuse
7.0,P005-B,B,0.3,0.3,37.13,ok,97.99995200000001,Reuse
7.0,P006-A,A,0.8904347826086957,0.8904347826086957,47.71,ok,97.99990635652173,Reuse
7.0,P006-B,B,0.3,0.3,37.11,ok,97.99995200000001,Reuse
7.0,P007-A,A,0.7621739130434783,0.7621739130434783,45.04,ok,97.99992636956523,Reuse
7.0,P007-B,B,0.3,0.3,37.22,ok,97.99995200000001,Reuse
7.0,P008-A,A,0.6339130434782609,0.6339130434782609,42.89,ok,97.99994172173913,Reuse
7.0,P008-B,B,0.3,0.3,36.9,ok,97.99995200000001,Reuse
7.0,P009-A,A,0.48,0.5056521739130434,39.4,ok,97.99994840000001,Reuse
7.0,P009-B,B,0.3,0.3,35.84,ok,97.99995200000001,Reuse
7.0,P010-A,A,0.7,0.7,43.2,driver_degraded,47.99782120000002,Remanufacture
7.0,P010-B,B,0.3,0.3,36.37,ok,97.99995200000001,Reuse
7.0,P011-A,A,0.3,0.3,35.96,ok,97.99995200000001,Reuse
7.0,P011-B,B,0.3,0.3,37.13,ok,97.99995200000001,Reuse
7.0,P012-A,A,0.3,0.3,36.68,ok,97.99995200000001,Reuse
7.0,P012-B,B,0.3,0.3,36.79,ok,97.99995200000001,Reuse
7.0,P013-A,A,0.3,0.3,36.79,ok,97.99995200000001,Reuse
7.0,P013-B,B,0.3,0.3,36.88,ok,97.99995200000001,Reuse
7.0,P014-A,A,0.3,0.3,36.57,ok,97.99995200000001,Reuse
7.0,P014-B,B,0.3,0.3,35.8,ok,97.99995200000001,Reuse
7.0,P015-A,A,0.3,0.3,37.07,ok,97.99995200000001,Reuse
7.0,P015-B,B,0.3,0.3,36.99,ok,97.99995200000001,Reuse
7.0,P016-A,A,0.3,0.3,36.6,ok,97.99995200000001,Reuse
7.0,P016-B,B,0.3,0.3,36.65,ok,97.99995200000001,Reuse
7.0,P017-A,A,0.3,0.3,36.85,ok,97.99995200000001,Reuse
7.0,P017-B,B,0.3,0.3,35.9,ok,97.99995200000001,Reuse
7.0,P018-A,A,0.3,0.3,36.97,ok,97.99995200000001,Reuse
7.0,P018-B,B,0.3,0.3,36.19,ok,97.99995200000001,Reuse
7.0,P019-A,A,0.3,0.3,35.91,ok,97.99995200000001,Reuse
7.0,P019-B,B,0.3,0.3,36.22,ok,97.99995200000001,Reuse
7.0,P020-A,A,0.3,0.3,36.96,ok,97.99995200000001,Reuse
7.0,P020-B,B,0.3,0.3,36.12,ok,97.99995200000001,Reuse
7.0,P021-A,A,0.3,0.3,36.97,ok,97.99995200000001,Reuse
7.0,P021-B,B,0.3,0.3,37.35,ok,97.99995200000001,Reuse
7.0,P022-A,A,0.3,0.3,36.58,ok,97.99995200000001,Reuse
7.0,P022-B,B,0.3,0.3,36.4,ok,97.99995200000001,Reuse
7.0,P023-A,A,0.3,0.3,36.56,ok,97.99995200000001,Reuse
7.0,P023-B,B,0.3,0.3,36.88,ok,97.99995200000001,Reuse
7.0,P024-A,A,0.3,0.3,37.02,ok,97.99995200000001,Reuse
7.0,P024-B,B,0.3,0.3,36.78,ok,97.99995200000001,Reuse
7.0,P025-A,A,0.3,0.3,36.82,ok,97.99995200000001,Reuse
7.0,P025-B,B,0.3,0.3,35.91,ok,97.99995200000001,Reuse
7.0,P026-A,A,0.3,0.3,36.03,ok,97.99995200000001,Reuse
7.0,P026-B,B,0.3,0.3,36.2,ok,97.99995200000001,Reuse
7.0,P027-A,A,0.3,0.3,36.98,ok,97.99995200000001,Reuse
7.0,P027-B,B,0.3,0.3,36.28,ok,97.99995200000001,Reuse
7.0,P028-A,A,0.3,0.3,36.7,ok,97.99995200000001,Reuse
7.0,P028-B,B,0.3,0.3,35.81,ok,97.99995200000001,Reuse
7.0,P029-A,A,0.3,0.3,35.89,ok,97.99995200000001,Reuse
7.0,P029-B,B,0.3,0.3,36.22,ok,97.99995200000001,Reuse
7.0,P030-A,A,0.3,0.3,36.87,ok,97.99995200000001,Reuse
7.0,P030-B,B,0.3,0.3,36.9,ok,97.99995200000001,Reuse
7.0,P031-A,A,0.3,0.3,36.87,ok,97.99995200000001,Reuse
7.0,P031-B,B,0.3,0.3,36.26,ok,97.99995200000001,Reuse
7.0,P032-A,A,0.3,0.3,36.62,ok,97.99995200000001,Reuse
7.0,P032-B,B,0.3,0.3,36.53,ok,97.99995200000001,Reuse
8.0,P001-A,A,0.6599999999999999,0.6599999999999999,43.04,ok,97.99988480000002,Reuse
8.0,P001-B,B,0.3,0.3,36.01,ok,97.99994600000001,Reuse
8.0,P002-A,A,1.0,1.0,49.85,ok,97.99984039999997,Reuse
8.0,P002-B,B,0.3,0.3,36.14,ok,97.99994600000001,Reuse
8.0,P003-A,A,1.0,1.0,49.98,ok,97.99984149565215,Reuse
8.0,P003-B,B,0.3,0.3,37.32,ok,97.99994600000001,Reuse
8.0,P004-A,A,1.0,1.0,48.45,ok,97.99984804347824,Reuse
8.0,P004-B,B,0.3,0.3,36.55,ok,97.99994600000001,Reuse
8.0,P005-A,A,1.0,1.0,49.73,ok,97.99986205652172,Reuse
8.0,P005-B,B,0.3,0.3,37.37,ok,97.99994600000001,Reuse
8.0,P006-A,A,0.9354347826086956,0.9354347826086956,47.97,ok,97.99988764782609,Reuse
8.0,P006-B,B,0.3,0.3,36.25,ok,97.99994600000001,Reuse
8.0,P007-A,A,0.8071739130434782,0.8071739130434782,45.28,ok,97.99991022608697,Reuse
8.0,P007-B,B,0.3,0.3,37.33,ok,97.99994600000001,Reuse
8.0,P008-A,A,0.678913043478261,0.678913043478261,42.97,ok,97.99992814347826,Reuse
8.0,P008-B,B,0.3,0.3,36.75,ok,97.99994600000001,Reuse
8.0,P009-A,A,0.5506521739130434,0.5506521739130434,40.56,ok,97.99993738695653,Reuse
8.0,P009-B,B,0.3,0.3,36.66,ok,97.99994600000001,Reuse
8.0,P010-A,A,0.7,0.7,44.54,driver_degraded,47.99745720000002,Remanufacture
8.0,P010-B,B,0.3,0.3,36.03,ok,97.99994600000001,Reuse
8.0,P011-A,A,0.3,0.3,37.13,ok,97.99994600000001,Reuse
8.0,P011-B,B,0.3,0.3,36.63,ok,97.99994600000001,Reuse
8.0,P012-A,A,0.3,0.3,37.24,ok,97.99994600000001,Reuse
8.0,P012-B,B,0.3,0.3,36.94,ok,97.99994600000001,Reuse
8.0,P013-A,A,0.3,0.3,36.19,ok,97.99994600000001,Reuse
8.0,P013-B,B,0.3,0.3,37.25,ok,97.99994600000001,Reuse
8.0,P014-A,A,0.3,0.3,36.6,ok,97.99994600000001,Reuse
8.0,P014-B,B,0.3,0.3,35.86,ok,97.99994600000001,Reuse
8.0,P015-A,A,0.3,0.3,35.82,ok,97.99994600000001,Reuse
8.0,P015-B,B,0.3,0.3,36.6,ok,97.99994600000001,Reuse
8.0,P016-A,A,0.3,0.3,36.54,ok,97.99994600000001,Reuse
8.0,P016-B,B,0.3,0.3,36.3,ok,97.99994600000001,Reuse
8.0,P017-A,A,0.3,0.3,36.04,ok,97.99994600000001,Reuse
8.0,P017-B,B,0.3,0.3,36.37,ok,97.99994600000001,Reuse
8.0,P018-A,A,0.3,0.3,36.32,ok,97.99994600000001,Reuse
8.0,P018-B,B,0.3,0.3,37.16,ok,97.99994600000001,Reuse
8.0,P019-A,A,0.3,0.3,35.82,ok,97.99994600000001,Reuse
8.0,P019-B,B,0.3,0.3,37.02,ok,97.99994600000001,Reuse
8.0,P020-A,A,0.3,0.3,37.16,ok,97.99994600000001,Reuse
8.0,P020-B,B,0.3,0.3,36.01,ok,97.99994600000001,Reuse
8.0,P021-A,A,0.3,0.3,37.3,ok,97.99994600000001,Reuse
8.0,P021-B,B,0.3,0.3,36.96,ok,97.99994600000001,Reuse
8.0,P022-A,A,0.3,0.3,37.26,ok,97.99994600000001,Reuse
8.0,P022-B,B,0.3,0.3,36.28,ok,97.99994600000001,Reuse
8.0,P023-A,A,0.3,0.3,36.41,ok,97.99994600000001,Reuse
8.0,P023-B,B,0.3,0.3,36.45,ok,97.99994600000001,Reuse
8.0,P024-A,A,0.3,0.3,37.42,ok,97.99994600000001,Reuse
8.0,P024-B,B,0.3,0.3,36.76,ok,97.99994600000001,Reuse
8.0,P025-A,A,0.3,0.3,36.39,ok,97.99994600000001,Reuse
8.0,P025-B,B,0.3,0.3,36.5,ok,97.99994600000001,Reuse
8.0,P026-A,A,0.3,0.3,36.26,ok,97.99994600000001,Reuse
8.0,P026-B,B,0.3,0.3,35.89,ok,97.99994600000001,Reuse
8.0,P027-A,A,0.3,0.3,35.98,ok,97.99994600000001,Reuse
8.0,P027-B,B,0.3,0.3,37.15,ok,97.99994600000001,Reuse
8.0,P028-A,A,0.3,0.3,36.27,ok,97.99994600000001,Reuse
8.0,P028-B,B,0.3,0.3,37.31,ok,97.99994600000001,Reuse
8.0,P029-A,A,0.3,0.3,36.22,ok,97.99994600000001,Reuse
8.0,P029-B,B,0.3,0.3,36.24,ok,97.99994600000001,Reuse
8.0,P030-A,A,0.3,0.3,36.63,ok,97.99994600000001,Reuse
8.0,P030-B,B,0.3,0.3,36.12,ok,97.99994600000001,Reuse
8.0,P031-A,A,0.3,0.3,36.41,ok,97.99994600000001,Reuse
8.0,P031-B,B,0.3,0.3,37.35,ok,97.99994600000001,Reuse
8.0,P032-A,A,0.3,0.3,37.23,ok,97.99994600000001,Reuse
8.0,P032-B,B,0.3,0.3,37.12,ok,97.99994600000001,Reuse
9.0,P001-A,A,0.4799999999999999,0.3,40.09,ok,97.99987520000002,Reuse
9.0,P001-B,B,0.3,0.3,37.31,ok,97.99994000000001,Reuse
9.0,P002-A,A,1.0,1.0,49.95,ok,97.99982039999996,Reuse
9.0,P002-B,B,0.3,0.3,36.72,ok,97.99994000000001,Reuse
9.0,P003-A,A,1.0,1.0,49.6,ok,97.99982149565214,Reuse
9.0,P003-B,B,0.3,0.3,35.92,ok,97.99994000000001,Reuse
9.0,P004-A,A,1.0,1.0,49.62,ok,97.99982804347823,Reuse
9.0,P004-B,B,0.3,0.3,36.57,ok,97.99994000000001,Reuse
9.0,P005-A,A,1.0,1.0,49.65,ok,97.99984205652171,Reuse
9.0,P005-B,B,0.3,0.3,36.88,ok,97.99994000000001,Reuse
9.0,P006-A,A,1.0,1.0,48.9,ok,97.99986764782608,Reuse
9.0,P006-B,B,0.3,0.3,35.92,ok,97.99994000000001,Reuse
9.0,P007-A,A,0.9021739130434783,0.9021739130434783,48.17,ok,97.9998921826087,Reuse
9.0,P007-B,B,0.3,0.3,36.05,ok,97.99994000000001,Reuse
9.0,P008-A,A,0.7739130434782608,0.7739130434782608,45.13,ok,97.9999126652174,Reuse
9.0,P008-B,B,0.3,0.3,36.39,ok,97.99994000000001,Reuse
9.0,P009-A,A,0.6456521739130435,0.6456521739130435,42.54,ok,97.99992447391305,Reuse
9.0,P009-B,B,0.3,0.3,37.03,ok,97.99994000000001,Reuse
9.0,P010-A,A,0.7,0.7,44.61,driver_degraded,47.99709320000002,Remanufacture
9.0,P010-B,B,0.3,0.3,36.26,ok,97.99994000000001,Reuse
9.0,P011-A,A,0.3,0.3,36.89,ok,97.99994000000001,Reuse
9.0,P011-B,B,0.3,0.3,36.33,ok,97.99994000000001,Reuse
9.0,P012-A,A,0.3,0.3,36.74,ok,97.99994000000001,Reuse
9.0,P012-B,B,0.3,0.3,36.48,ok,97.99994000000001,Reuse
9.0,P013-A,A,0.3,0.3,36.11,ok,97.99994000000001,Reuse
9.0,P013-B,B,0.3,0.3,36.1,ok,97.99994000000001,Reuse
9.0,P014-A,A,0.3,0.3,36.18,ok,97.99994000000001,Reuse
9.0,P014-B,B,0.3,0.3,37.29,ok,97.99994000000001,Reuse
9.0,P015-A,A,0.3,0.3,36.64,ok,97.99994000000001,Reuse
9.0,P015-B,B,0.3,0.3,36.2,ok,97.99994000000001,Reuse
9.0,P016-A,A,0.3,0.3,37.29,ok,97.99994000000001,Reuse
9.0,P016-B,B,0.3,0.3,37.44,ok,97.99994000000001,Reuse
9.0,P017-A,A,0.3,0.3,36.56,ok,97.99994000000001,Reuse
9.0,P017-B,B,0.3,0.3,36.07,ok,97.99994000000001,Reuse
9.0,P018-A,A,0.3,0.3,36.15,ok,97.99994000000001,Reuse
9.0,P018-B,B,0.3,0.3,35.99,ok,97.99994000000001,Reuse
9.0,P019-A,A,0.3,0.3,36.39,ok,97.99994000000001,Reuse
9.0,P019-B,B,0.3,0.3,35.99,ok,97.99994000000001,Reuse
9.0,P020-A,A,0.3,0.3,36.23,ok,97.99994000000001,Reuse
9.0,P020-B,B,0.3,0.3,36.26,ok,97.99994000000001,Reuse
9.0,P021-A,A,0.3,0.3,36.76,ok,97.99994000000001,Reuse
9.0,P021-B,B,0.3,0.3,37.26,ok,97.99994000000001,Reuse
9.0,P022-A,A,0.3,0.3,37.04,ok,97.99994000000001,Reuse
9.0,P022-B,B,0.3,0.3,36.5,ok,97.99994000000001,Reuse
9.0,P023-A,A,0.3,0.3,36.51,ok,97.99994000000001,Reuse
9.0,P023-B,B,0.3,0.3,36.68,ok,97.99994000000001,Reuse
9.0,P024-A,A,0.3,0.3,36.45,ok,97.99994000000001,Reuse
9.0,P024-B,B,0.3,0.3,36.39,ok,97.99994000000001,Reuse
9.0,P025-A,A,0.3,0.3,35.94,ok,97.99994000000001,Reuse
9.0,P025-B,B,0.3,0.3,36.29,ok,97.99994000000001,Reuse
9.0,P026-A,A,0.3,0.3,37.39,ok,97.99994000000001,Reuse
9.0,P026-B,B,0.3,0.3,36.05,ok,97.99994000000001,Reuse
9.0,P027-A,A,0.3,0.3,36.65,ok,97.99994000000001,Reuse
9.0,P027-B,B,0.3,0.3,36.85,ok,97.99994000000001,Reuse
9.0,P028-A,A,0.3,0.3,37.22,ok,97.99994000000001,Reuse
9.0,P028-B,B,0.3,0.3,36.19,ok,97.99994000000001,Reuse
9.0,P029-A,A,0.3,0.3,36.28,ok,97.99994000000001,Reuse
9.0,P029-B,B,0.3,0.3,36.24,ok,97.99994000000001,Reuse
9.0,P030-A,A,0.3,0.3,36.48,ok,97.99994000000001,Reuse
9.0,P030-B,B,0.3,0.3,36.56,ok,97.99994000000001,Reuse
9.0,P031-A,A,0.3,0.3,37.37,ok,97.99994000000001,Reuse
9.0,P031-B,B,0.3,0.3,37.2,ok,97.99994000000001,Reuse
9.0,P032-A,A,0.3,0.3,37.24,ok,97.99994000000001,Reuse
9.0,P032-B,B,0.3,0.3,35.88,ok,97.99994000000001,Reuse
10.0,P001-A,A,0.3,0.3,35.92,ok,97.99986920000002,Reuse
10.0,P001-B,B,0.3,0.3,37.01,ok,97.99993400000001,Reuse
10.0,P002-A,A,1.0,1.0,49.9,ok,97.99980039999996,Reuse
10.0,P002-B,B,0.3,0.3,36.63,ok,97.99993400000001,Reuse
10.0,P003-A,A,1.0,1.0,49.41,ok,97.99980149565214,Reuse
10.0,P003-B,B,0.3,0.3,35.87,ok,97.99993400000001,Reuse
10.0,P004-A,A,1.0,1.0,49.1,ok,97.99980804347823,Reuse
10.0,P004-B,B,0.3,0.3,37.35,ok,97.99993400000001,Reuse
10.0,P005-A,A,1.0,1.0,49.79,ok,97.99982205652171,Reuse
10.0,P005-B,B,0.3,0.3,37.24,ok,97.99993400000001,Reuse
10.0,P006-A,A,1.0,1.0,50.03,ok,97.99984764782607,Reuse
10.0,P006-B,B,0.3,0.3,36.27,ok,97.99993400000001,Reuse
10.0,P007-A,A,0.9471739130434782,0.9471739130434782,47.69,ok,97.99987323913044,Reuse
10.0,P007-B,B,0.3,0.3,36.12,ok,97.99993400000001,Reuse
10.0,P008-A,A,0.8189130434782608,0.8189130434782608,46.05,ok,97.99989628695653,Reuse
10.0,P008-B,B,0.3,0.3,36.96,ok,97.99993400000001,Reuse
10.0,P009-A,A,0.6906521739130435,0.6906521739130435,44.41,ok,97.99991066086957,Reuse
10.0,P009-B,B,0.3,0.3,37.03,ok,97.99993400000001,Reuse
10.0,P010-A,A,0.7,0.7,44.11,driver_degraded,47.996729200000026,Remanufacture
10.0,P010-B,B,0.3,0.3,37.09,ok,97.99993400000001,Reuse
10.0,P011-A,A,0.3,0.3,36.6,ok,97.99993400000001,Reuse
10.0,P011-B,B,0.3,0.3,36.75,ok,97.99993400000001,Reuse
10.0,P012-A,A,0.3,0.3,35.93,ok,97.99993400000001,Reuse
10.0,P012-B,B,0.3,0.3,37.12,ok,97.99993400000001,Reuse
10.0,P013-A,A,0.3,0.3,36.24,ok,97.99993400000001,Reuse
10.0,P013-B,B,0.3,0.3,37.34,ok,97.99993400000001,Reuse
10.0,P014-A,A,0.3,0.3,36.9,ok,97.99993400000001,Reuse
10.0,P014-B,B,0.3,0.3,36.36,ok,97.99993400000001,Reuse
10.0,P015-A,A,0.3,0.3,36.08,ok,97.99993400000001,Reuse
10.0,P015-B,B,0.3,0.3,36.27,ok,97.99993400000001,Reuse
10.0,P016-A,A,0.3,0.3,36.89,ok,97.99993400000001,Reuse
10.0,P016-B,B,0.3,0.3,36.99,ok,97.99993400000001,Reuse
10.0,P017-A,A,0.3,0.3,36.05,ok,97.99993400000001,Reuse
10.0,P017-B,B,0.3,0.3,35.98,ok,97.99993400000001,Reuse
10.0,P018-A,A,0.3,0.3,36.71,ok,97.99993400000001,Reuse
10.0,P018-B,B,0.3,0.3,36.8,ok,97.99993400000001,Reuse
10.0,P019-A,A,0.3,0.3,36.49,ok,97.99993400000001,Reuse
10.0,P019-B,B,0.3,0.3,36.23,ok,97.99993400000001,Reuse
10.0,P020-A,A,0.3,0.3,36.83,ok,97.99993400000001,Reuse
10.0,P020-B,B,0.3,0.3,35.89,ok,97.99993400000001,Reuse
10.0,P021-A,A,0.3,0.3,36.35,ok,97.99993400000001,Reuse
10.0,P021-B,B,0.3,0.3,36.61,ok,97.99993400000001,Reuse
10.0,P022-A,A,0.3,0.3,37.41,ok,97.99993400000001,Reuse
10.0,P022-B,B,0.3,0.3,36.9,ok,97.99993400000001,Reuse
10.0,P023-A,A,0.3,0.3,37.29,ok,97.99993400000001,Reuse
10.0,P023-B,B,0.3,0.3,36.63,ok,97.99993400000001,Reuse
10.0,P024-A,A,0.3,0.3,36.25,ok,97.99993400000001,Reuse
10.0,P024-B,B,0.3,0.3,36.27,ok,97.99993400000001,Reuse
10.0,P025-A,A,0.3,0.3,37.41,ok,97.99993400000001,Reuse
10.0,P025-B,B,0.3,0.3,37.0,ok,97.99993400000001,Reuse
10.0,P026-A,A,0.3,0.3,36.36,ok,97.99993400000001,Reuse
10.0,P026-B,B,0.3,0.3,35.91,ok,97.99993400000001,Reuse
10.0,P027-A,A,0.3,0.3,36.67,ok,97.99993400000001,Reuse
10.0,P027-B,B,0.3,0.3,36.95,ok,97.99993400000001,Reuse
10.0,P028-A,A,0.3,0.3,36.54,ok,97.99993400000001,Reuse
10.0,P028-B,B,0.3,0.3,36.28,ok,97.99993400000001,Reuse
10.0,P029-A,A,0.3,0.3,36.94,ok,97.99993400000001,Reuse
10.0,P029-B,B,0.3,0.3,37.35,ok,97.99993400000001,Reuse
10.0,P030-A,A,0.3,0.3,36.23,ok,97.99993400000001,Reuse
10.0,P030-B,B,0.3,0.3,35.93,ok,97.99993400000001,Reuse
10.0,P031-A,A,0.3,0.3,36.41,ok,97.99993400000001,Reuse
10.0,P031-B,B,0.3,0.3,36.54,ok,97.99993400000001,Reuse
10.0,P032-A,A,0.3,0.3,36.96,ok,97.99993400000001,Reuse
10.0,P032-B,B,0.3,0.3,36.19,ok,97.99993400000001,Reuse
11.0,P001-A,A,0.3,0.3,37.17,ok,97.99986320000002,Reuse
11.0,P001-B,B,0.3,0.3,37.08,ok,97.99992800000001,Reuse
11.0,P002-A,A,0.8200000000000001,0.3,46.07,ok,97.99978399999995,Reuse
11.0,P002-B,B,0.3,0.3,36.23,ok,97.99992800000001,Reuse
11.0,P003-A,A,1.0,1.0,50.05,ok,97.99978149565213,Reuse
11.0,P003-B,B,0.3,0.3,36.4,ok,97.99992800000001,Reuse
11.0,P004-A,A,1.0,1.0,49.81,ok,97.99978804347822,Reuse
11.0,P004-B,B,0.3,0.3,36.27,ok,97.99992800000001,Reuse
11.0,P005-A,A,1.0,1.0,48.85,ok,97.9998020565217,Reuse
11.0,P005-B,B,0.3,0.3,37.11,ok,97.99992800000001,Reuse
11.0,P006-A,A,1.0,1.0,48.97,ok,97.99982764782607,Reuse
11.0,P006-B,B,0.3,0.3,37.42,ok,97.99992800000001,Reuse
11.0,P007-A,A,1.0,1.0,49.29,ok,97.99985323913043,Reuse
11.0,P007-B,B,0.3,0.3,36.2,ok,97.99992800000001,Reuse
11.0,P008-A,A,0.9139130434782609,0.9139130434782609,47.31,ok,97.99987800869566,Reuse
11.0,P008-B,B,0.3,0.3,36.57,ok,97.99992800000001,Reuse
11.0,P009-A,A,0.7856521739130434,0.7856521739130434,45.7,ok,97.99989494782609,Reuse
11.0,P009-B,B,0.3,0.3,37.42,ok,97.99992800000001,Reuse
11.0,P010-A,A,0.7,0.7,43.33,driver_degraded,47.99636520000003,Remanufacture
11.0,P010-B,B,0.3,0.3,36.53,ok,97.99992800000001,Reuse
11.0,P011-A,A,0.48,0.5291304347826087,39.48,ok,97.99992440000001,Reuse
11.0,P011-B,B,0.3,0.3,37.46,ok,97.99992800000001,Reuse
11.0,P012-A,A,0.3,0.3,36.13,ok,97.99992800000001,Reuse
11.0,P012-B,B,0.3,0.3,35.98,ok,97.99992800000001,Reuse
11.0,P013-A,A,0.3,0.3,35.99,ok,97.99992800000001,Reuse
11.0,P013-B,B,0.3,0.3,36.53,ok,97.99992800000001,Reuse
11.0,P014-A,A,0.3,0.3,37.34,ok,97.99992800000001,Reuse
11.0,P014-B,B,0.3,0.3,37.31,ok,97.99992800000001,Reuse
11.0,P015-A,A,0.3,0.3,37.07,ok,97.99992800000001,Reuse
11.0,P015-B,B,0.3,0.3,37.49,ok,97.99992800000001,Reuse
11.0,P016-A,A,0.3,0.3,37.39,ok,97.99992800000001,Reuse
11.0,P016-B,B,0.3,0.3,36.42,ok,97.99992800000001,Reuse
11.0,P017-A,A,0.3,0.3,36.19,ok,97.99992800000001,Reuse
11.0,P017-B,B,0.3,0.3,37.4,ok,97.99992800000001,Reuse
11.0,P018-A,A,0.3,0.3,37.09,ok,97.99992800000001,Reuse
11.0,P018-B,B,0.3,0.3,35.95,ok,97.99992800000001,Reuse
11.0,P019-A,A,0.3,0.3,36.96,ok,97.99992800000001,Reuse
11.0,P019-B,B,0.3,0.3,36.5,ok,97.99992800000001,Reuse
11.0,P020-A,A,0.3,0.3,36.5,ok,97.99992800000001,Reuse
11.0,P020-B,B,0.3,0.3,36.43,ok,97.99992800000001,Reuse
11.0,P021-A,A,0.3,0.3,36.17,ok,97.99992800000001,Reuse
11.0,P021-B,B,0.3,0.3,35.9,ok,97.99992800000001,Reuse
11.0,P022-A,A,0.3,0.3,36.35,ok,97.99992800000001,Reuse
11.0,P022-B,B,0.3,0.3,36.46,ok,97.99992800000001,Reuse
11.0,P023-A,A,0.3,0.3,37.43,ok,97.99992800000001,Reuse
11.0,P023-B,B,0.3,0.3,36.1,ok,97.99992800000001,Reuse
11.0,P024-A,A,0.3,0.3,37.44,ok,97.99992800000001,Reuse
11.0,P024-B,B,0.3,0.3,36.23,ok,97.99992800000001,Reuse
11.0,P025-A,A,0.3,0.3,36.47,ok,97.99992800000001,Reuse
11.0,P025-B,B,0.3,0.3,37.21,ok,97.99992800000001,Reuse
11.0,P026-A,A,0.3,0.3,37.21,ok,97.99992800000001,Reuse
11.0,P026-B,B,0.3,0.3,36.59,ok,97.99992800000001,Reuse
11.0,P027-A,A,0.3,0.3,35.98,ok,97.99992800000001,Reuse
11.0,P027-B,B,0.3,0.3,36.66,ok,97.99992800000001,Reuse
11.0,P028-A,A,0.3,0.3,36.49,ok,97.99992800000001,Reuse
11.0,P028-B,B,0.3,0.3,37.37,ok,97.99992800000001,Reuse
11.0,P029-A,A,0.3,0.3,36.21,ok,97.99992800000001,Reuse
11.0,P029-B,B,0.3,0.3,36.48,ok,97.99992800000001,Reuse
11.0,P030-A,A,0.3,0.3,37.33,ok,97.99992800000001,Reuse
11.0,P030-B,B,0.3,0.3,35.95,ok,97.99992800000001,Reuse
11.0,P031-A,A,0.3,0.3,36.56,ok,97.99992800000001,Reuse
11.0,P031-B,B,0.3,0.3,37.2,ok,97.99992800000001,Reuse
11.0,P032-A,A,0.3,0.3,37.12,ok,97.99992800000001,Reuse
11.0,P032-B,B,0.3,0.3,35.96,ok,97.99992800000001,Reuse
12.0,P001-A,A,0.3,0.3,35.98,ok,97.99985720000002,Reuse
12.0,P001-B,B,0.3,0.3,36.02,ok,97.99992200000001,Reuse
12.0,P002-A,A,0.6400000000000001,0.3,43.52,ok,97.99977119999996,Reuse
12.0,P002-B,B,0.3,0.3,36.34,ok,97.99992200000001,Reuse
12.0,P003-A,A,1.0,1.0,49.72,ok,97.99976149565212,Reuse
12.0,P003-B,B,0.3,0.3,37.36,ok,97.99992200000001,Reuse
12.0,P004-A,A,1.0,1.0,49.07,ok,97.99976804347821,Reuse
12.0,P004-B,B,0.3,0.3,36.36,ok,97.99992200000001,Reuse
12.0,P005-A,A,1.0,1.0,50.06,ok,97.9997820565217,Reuse
12.0,P005-B,B,0.3,0.3,36.91,ok,97.99992200000001,Reuse
12.0,P006-A,A,1.0,1.0,48.94,ok,97.99980764782606,Reuse
12.0,P006-B,B,0.3,0.3,37.07,ok,97.99992200000001,Reuse
12.0,P007-A,A,1.0,1.0,49.03,ok,97.99983323913042,Reuse
12.0,P007-B,B,0.3,0.3,36.37,ok,97.99992200000001,Reuse
12.0,P008-A,A,0.9589130434782609,0.9589130434782609,47.79,ok,97.99985883043479,Reuse
12.0,P008-B,B,0.3,0.3,37.13,ok,97.99992200000001,Reuse
12.0,P009-A,A,0.8306521739130435,0.8306521739130435,46.94,ok,97.99987833478261,Reuse
12.0,P009-B,B,0.3,0.3,36.94,ok,97.99992200000001,Reuse
12.0,P010-A,A,0.7,0.7,44.63,driver_degraded,47.99600120000003,Remanufacture
12.0,P010-B,B,0.3,0.3,35.96,ok,97.99992200000001,Reuse
12.0,P011-A,A,0.5741304347826087,0.5741304347826087,41.23,ok,97.99991291739131,Reuse
12.0,P011-B,B,0.3,0.3,36.68,ok,97.99992200000001,Reuse
12.0,P012-A,A,0.3,0.3,37.46,ok,97.99992200000001,Reuse
12.0,P012-B,B,0.3,0.3,37.45,ok,97.99992200000001,Reuse
12.0,P013-A,A,0.3,0.3,36.54,ok,97.99992200000001,Reuse
12.0,P013-B,B,0.3,0.3,36.33,ok,97.99992200000001,Reuse
12.0,P014-A,A,0.3,0.3,36.61,ok,97.99992200000001,Reuse
12.0,P014-B,B,0.3,0.3,36.71,ok,97.99992200000001,Reuse
12.0,P015-A,A,0.3,0.3,37.41,ok,97.99992200000001,Reuse
12.0,P015-B,B,0.3,0.3,36.22,ok,97.99992200000001,Reuse
12.0,P016-A,A,0.3,0.3,37.21,ok,97.99992200000001,Reuse
12.0,P016-B,B,0.3,0.3,37.11,ok,97.99992200000001,Reuse
12.0,P017-A,A,0.3,0.3,37.24,ok,97.99992200000001,Reuse
12.0,P017-B,B,0.3,0.3,37.16,ok,97.99992200000001,Reuse
12.0,P018-A,A,0.3,0.3,36.9,ok,97.99992200000001,Reuse
12.0,P018-B,B,0.3,0.3,36.45,ok,97.99992200000001,Reuse
12.0,P019-A,A,0.3,0.3,36.44,ok,97.99992200000001,Reuse
12.0,P019-B,B,0.3,0.3,36.5,ok,97.99992200000001,Reuse
12.0,P020-A,A,0.3,0.3,37.18,ok,97.99992200000001,Reuse
12.0,P020-B,B,0.3,0.3,36.05,ok,97.99992200000001,Reuse
12.0,P021-A,A,0.3,0.3,36.24,ok,97.99992200000001,Reuse
12.0,P021-B,B,0.3,0.3,37.13,ok,97.99992200000001,Reuse
12.0,P022-A,A,0.3,0.3,36.32,ok,97.99992200000001,Reuse
12.0,P022-B,B,0.3,0.3,36.03,ok,97.99992200000001,Reuse
12.0,P023-A,A,0.3,0.3,35.98,ok,97.99992200000001,Reuse
12.0,P023-B,B,0.3,0.3,36.81,ok,97.99992200000001,Reuse
12.0,P024-A,A,0.3,0.3,36.45,ok,97.99992200000001,Reuse
12.0,P024-B,B,0.3,0.3,37.49,ok,97.99992200000001,Reuse
12.0,P025-A,A,0.3,0.3,37.34,ok,97.99992200000001,Reuse
12.0,P025-B,B,0.3,0.3,37.51,ok,97.99992200000001,Reuse
12.0,P026-A,A,0.3,0.3,36.35,ok,97.99992200000001,Reuse
12.0,P026-B,B,0.3,0.3,36.06,ok,97.99992200000001,Reuse
12.0,P027-A,A,0.3,0.3,36.08,ok,97.99992200000001,Reuse
12.0,P027-B,B,0.3,0.3,36.72,ok,97.99992200000001,Reuse
12.0,P028-A,A,0.3,0.3,37.06,ok,97.99992200000001,Reuse
12.0,P028-B,B,0.3,0.3,36.64,ok,97.99992200000001,Reuse
12.0,P029-A,A,0.3,0.3,36.3,ok,97.99992200000001,Reuse
12.0,P029-B,B,0.3,0.3,36.59,ok,97.99992200000001,Reuse
12.0,P030-A,A,0.3,0.3,36.92,ok,97.99992200000001,Reuse
12.0,P030-B,B,0.3,0.3,37.0,ok,97.99992200000001,Reuse
12.0,P031-A,A,0.3,0.3,37.12,ok,97.99992200000001,Reuse
12.0,P031-B,B,0.3,0.3,37.28,ok,97.99992200000001,Reuse
12.0,P032-A,A,0.3,0.3,36.99,ok,97.99992200000001,Reuse
12.0,P032-B,B,0.3,0.3,36.12,ok,97.99992200000001,Reuse
13.0,P001-A,A,0.3,0.3,37.3,ok,97.99985120000002,Reuse
13.0,P001-B,B,0.3,0.3,36.42,ok,97.99991600000001,Reuse
13.0,P002-A,A,0.46000000000000013,0.3,39.74,ok,97.99976199999996,Reuse
13.0,P002-B,B,0.3,0.3,36.55,ok,97.99991600000001,Reuse
13.0,P003-A,A,0.8200000000000001,0.3,46.49,ok,97.99974509565212,Reuse
13.0,P003-B,B,0.3,0.3,36.27,ok,97.99991600000001,Reuse
13.0,P004-A,A,1.0,1.0,48.95,ok,97.9997480434782,Reuse
13.0,P004-B,B,0.3,0.3,36.34,ok,97.99991600000001,Reuse
13.0,P005-A,A,1.0,1.0,48.8,ok,97.99976205652169,Reuse
13.0,P005-B,B,0.3,0.3,37.37,ok,97.99991600000001,Reuse
13.0,P006-A,A,1.0,1.0,49.48,ok,97.99978764782605,Reuse
13.0,P006-B,B,0.3,0.3,36.47,ok,97.99991600000001,Reuse
13.0,P007-A,A,1.0,1.0,49.18,ok,97.99981323913042,Reuse
13.0,P007-B,B,0.3,0.3,37.54,ok,97.99991600000001,Reuse
13.0,P008-A,A,1.0,1.0,49.36,ok,97.99983883043478,Reuse
13.0,P008-B,B,0.3,0.3,36.32,ok,97.99991600000001,Reuse
13.0,P009-A,A,0.9256521739130434,0.9256521739130434,48.51,ok,97.99985982173914,Reuse
13.0,P009-B,B,0.3,0.3,37.0,ok,97.99991600000001,Reuse
13.0,P010-A,A,0.7,0.7,44.74,driver_degraded,47.99563720000003,Remanufacture
13.0,P010-B,B,0.3,0.3,36.11,ok,97.99991600000001,Reuse
13.0,P011-A,A,0.6691304347826087,0.6691304347826087,43.36,ok,97.99989953478261,Reuse
13.0,P011-B,B,0.3,0.3,37.26,ok,97.99991600000001,Reuse
13.0,P012-A,A,0.48,0.5408695652173913,40.54,ok,97.99991240000001,Reuse
13.0,P012-B,B,0.3,0.3,37.41,ok,97.99991600000001,Reuse
13.0,P013-A,A,0.3,0.3,36.02,ok,97.99991600000001,Reuse
13.0,P013-B,B,0.3,0.3,36.42,ok,97.99991600000001,Reuse
13.0,P014-A,A,0.3,0.3,36.14,ok,97.99991600000001,Reuse
13.0,P014-B,B,0.3,0.3,36.25,ok,97.99991600000001,Reuse
13.0,P015-A,A,0.3,0.3,37.51,ok,97.99991600000001,Reuse
13.0,P015-B,B,0.3,0.3,36.88,ok,97.99991600000001,Reuse
13.0,P016-A,A,0.3,0.3,37.44,ok,97.99991600000001,Reuse
13.0,P016-B,B,0.3,0.3,36.55,ok,97.99991600000001,Reuse
13.0,P017-A,A,0.3,0.3,37.34,ok,97.99991600000001,Reuse
13.0,P017-B,B,0.3,0.3,36.67,ok,97.99991600000001,Reuse
13.0,P018-A,A,0.3,0.3,36.37,ok,97.99991600000001,Reuse
13.0,P018-B,B,0.3,0.3,37.2,ok,97.99991600000001,Reuse
13.0,P019-A,A,0.3,0.3,37.46,ok,97.99991600000001,Reuse
13.0,P019-B,B,0.3,0.3,36.12,ok,97.99991600000001,Reuse
13.0,P020-A,A,0.3,0.3,36.91,ok,97.99991600000001,Reuse
13.0,P020-B,B,0.3,0.3,36.94,ok,97.99991600000001,Reuse
13.0,P021-A,A,0.3,0.3,36.3,ok,97.99991600000001,Reuse
13.0,P021-B,B,0.3,0.3,36.54,ok,97.99991600000001,Reuse
13.0,P022-A,A,0.3,0.3,36.18,ok,97.99991600000001,Reuse
13.0,P022-B,B,0.3,0.3,36.28,ok,97.99991600000001,Reuse
13.0,P023-A,A,0.3,0.3,36.36,ok,97.99991600000001,Reuse
13.0,P023-B,B,0.3,0.3,36.91,ok,97.99991600000001,Reuse
13.0,P024-A,A,0.3,0.3,36.99,ok,97.99991600000001,Reuse
13.0,P024-B,B,0.3,0.3,36.28,ok,97.99991600000001,Reuse
13.0,P025-A,A,0.3,0.3,35.97,ok,97.99991600000001,Reuse
13.0,P025-B,B,0.3,0.3,36.47,ok,97.99991600000001,Reuse
13.0,P026-A,A,0.3,0.3,37.04,ok,97.99991600000001,Reuse
13.0,P026-B,B,0.3,0.3,36.25,ok,97.99991600000001,Reuse
13.0,P027-A,A,0.3,0.3,36.45,ok,97.99991600000001,Reuse
13.0,P027-B,B,0.3,0.3,36.28,ok,97.99991600000001,Reuse
13.0,P028-A,A,0.3,0.3,37.22,ok,97.99991600000001,Reuse
13.0,P028-B,B,0.3,0.3,36.83,ok,97.99991600000001,Reuse
13.0,P029-A,A,0.3,0.3,36.05,ok,97.99991600000001,Reuse
13.0,P029-B,B,0.3,0.3,36.11,ok,97.99991600000001,Reuse
13.0,P030-A,A,0.3,0.3,36.58,ok,97.99991600000001,Reuse
13.0,P030-B,B,0.3,0.3,36.83,ok,97.99991600000001,Reuse
13.0,P031-A,A,0.3,0.3,36.97,ok,97.99991600000001,Reuse
13.0,P031-B,B,0.3,0.3,36.1,ok,97.99991600000001,Reuse
13.0,P032-A,A,0.3,0.3,36.21,ok,97.99991600000001,Reuse
13.0,P032-B,B,0.3,0.3,37.06,ok,97.99991600000001,Reuse
14.0,P001-A,A,0.3,0.3,36.63,ok,97.99984520000002,Reuse
14.0,P001-B,B,0.3,0.3,36.43,ok,97.99991000000001,Reuse
14.0,P002-A,A,0.3,0.3,36.47,ok,97.99975599999996,Reuse
14.0,P002-B,B,0.3,0.3,37.5,ok,97.99991000000001,Reuse
14.0,P003-A,A,0.6400000000000001,0.3,42.6,ok,97.99973229565212,Reuse
14.0,P003-B,B,0.3,0.3,36.88,ok,97.99991000000001,Reuse
14.0,P004-A,A,0.8200000000000001,0.3,45.91,ok,97.9997316434782,Reuse
14.0,P004-B,B,0.3,0.3,36.64,ok,97.99991000000001,Reuse
14.0,P005-A,A,1.0,1.0,49.96,ok,97.99974205652168,Reuse
14.0,P005-B,B,0.3,0.3,37.57,ok,97.99991000000001,Reuse
14.0,P006-A,A,1.0,1.0,49.16,ok,97.99976764782605,Reuse
14.0,P006-B,B,0.3,0.3,36.29,ok,97.99991000000001,Reuse
14.0,P007-A,A,1.0,1.0,49.74,ok,97.99979323913041,Reuse
14.0,P007-B,B,0.3,0.3,36.3,ok,97.99991000000001,Reuse
14.0,P008-A,A,1.0,1.0,48.59,ok,97.99981883043478,Reuse
14.0,P008-B,B,0.3,0.3,37.42,ok,97.99991000000001,Reuse
14.0,P009-A,A,1.0,1.0,49.26,ok,97.99983982173913,Reuse
14.0,P009-B,B,0.3,0.3,37.29,ok,97.99991000000001,Reuse
14.0,P010-A,A,0.7,0.7,43.83,driver_degraded,47.995273200000035,Remanufacture
14.0,P010-B,B,0.3,0.3,37.39,ok,97.99991000000001,Reuse
14.0,P011-A,A,0.7641304347826087,0.7641304347826087,45.07,ok,97.99988425217391,Reuse
14.0,P011-B,B,0.3,0.3,36.24,ok,97.99991000000001,Reuse
14.0,P012-A,A,0.6358695652173912,0.6358695652173912,42.05,ok,97.99989968260871,Reuse
14.0,P012-B,B,0.3,0.3,36.86,ok,97.99991000000001,Reuse
14.0,P013-A,A,0.48,0.5076086956521739,40.24,ok,97.99990640000001,Reuse
14.0,P013-B,B,0.3,0.3,37.43,ok,97.99991000000001,Reuse
14.0,P014-A,A,0.3,0.3,36.12,ok,97.99991000000001,Reuse
14.0,P014-B,B,0.3,0.3,36.97,ok,97.99991000000001,Reuse
14.0,P015-A,A,0.3,0.3,36.57,ok,97.99991000000001,Reuse
14.0,P015-B,B,0.3,0.3,36.78,ok,97.99991000000001,Reuse
14.0,P016-A,A,0.3,0.3,36.21,ok,97.99991000000001,Reuse
14.0,P016-B,B,0.3,0.3,36.43,ok,97.99991000000001,Reuse
14.0,P017-A,A,0.3,0.3,36.81,ok,97.99991000000001,Reuse
14.0,P017-B,B,0.3,0.3,37.46,ok,97.99991000000001,Reuse
14.0,P018-A,A,0.3,0.3,36.15,ok,97.99991000000001,Reuse
14.0,P018-B,B,0.3,0.3,36.76,ok,97.99991000000001,Reuse
14.0,P019-A,A,0.3,0.3,37.27,ok,97.99991000000001,Reuse
14.0,P019-B,B,0.3,0.3,37.52,ok,97.99991000000001,Reuse
14.0,P020-A,A,0.3,0.3,36.29,ok,97.99991000000001,Reuse
14.0,P020-B,B,0.3,0.3,36.18,ok,97.99991000000001,Reuse
14.0,P021-A,A,0.3,0.3,37.49,ok,97.99991000000001,Reuse
14.0,P021-B,B,0.3,0.3,37.54,ok,97.99991000000001,Reuse
14.0,P022-A,A,0.3,0.3,36.75,ok,97.99991000000001,Reuse
14.0,P022-B,B,0.3,0.3,36.06,ok,97.99991000000001,Reuse
14.0,P023-A,A,0.3,0.3,37.46,ok,97.99991000000001,Reuse
14.0,P023-B,B,0.3,0.3,36.6,ok,97.99991000000001,Reuse
14.0,P024-A,A,0.3,0.3,37.42,ok,97.99991000000001,Reuse
14.0,P024-B,B,0.3,0.3,36.97,ok,97.99991000000001,Reuse
14.0,P025-A,A,0.3,0.3,37.3,ok,97.99991000000001,Reuse
14.0,P025-B,B,0.3,0.3,36.23,ok,97.99991000000001,Reuse
14.0,P026-A,A,0.3,0.3,37.24,ok,97.99991000000001,Reuse
14.0,P026-B,B,0.3,0.3,36.33,ok,97.99991000000001,Reuse
14.0,P027-A,A,0.3,0.3,36.62,ok,97.99991000000001,Reuse
14.0,P027-B,B,0.3,0.3,37.33,ok,97.99991000000001,Reuse
14.0,P028-A,A,0.3,0.3,37.3,ok,97.99991000000001,Reuse
14.0,P028-B,B,0.3,0.3,36.27,ok,97.99991000000001,Reuse
14.0,P029-A,A,0.3,0.3,36.33,ok,97.99991000000001,Reuse
14.0,P029-B,B,0.3,0.3,36.62,ok,97.99991000000001,Reuse
14.0,P030-A,A,0.3,0.3,36.81,ok,97.99991000000001,Reuse
14.0,P030-B,B,0.3,0.3,36.59,ok,97.99991000000001,Reuse
14.0,P031-A,A,0.3,0.3,36.17,ok,97.99991000000001,Reuse
14.0,P031-B,B,0.3,0.3,36.37,ok,97.99991000000001,Reuse
14.0,P032-A,A,0.3,0.3,37.14,ok,97.99991000000001,Reuse
14.0,P032-B,B,0.3,0.3,37.41,ok,97.99991000000001,Reuse
15.0,P001-A,A,0.3,0.3,36.07,ok,97.99983920000003,Reuse
15.0,P001-B,B,0.3,0.3,36.9,ok,97.99990400000002,Reuse
15.0,P002-A,A,0.3,0.3,37.22,ok,97.99974999999996,Reuse
15.0,P002-B,B,0.3,0.3,36.07,ok,97.99990400000002,Reuse
15.0,P003-A,A,0.46000000000000013,0.3,40.23,ok,97.99972309565213,Reuse
15.0,P003-B,B,0.3,0.3,36.19,ok,97.99990400000002,Reuse
15.0,P004-A,A,0.6400000000000001,0.3,43.08,ok,97.9997188434782,Reuse
15.0,P004-B,B,0.3,0.3,36.88,ok,97.99990400000002,Reuse
15.0,P005-A,A,1.0,1.0,49.61,ok,97.99972205652168,Reuse
15.0,P005-B,B,0.3,0.3,36.49,ok,97.99990400000002,Reuse
15.0,P006-A,A,1.0,1.0,49.28,ok,97.99974764782604,Reuse
15.0,P006-B,B,0.3,0.3,36.94,ok,97.99990400000002,Reuse
15.0,P007-A,A,1.0,1.0,49.29,ok,97.9997732391304,Reuse
15.0,P007-B,B,0.3,0.3,37.06,ok,97.99990400000002,Reuse
15.0,P008-A,A,1.0,1.0,49.32,ok,97.99979883043477,Reuse
15.0,P008-B,B,0.3,0.3,36.71,ok,97.99990400000002,Reuse
15.0,P009-A,A,1.0,1.0,48.64,ok,97.99981982173912,Reuse
15.0,P009-B,B,0.3,0.3,36.99,ok,97.99990400000002,Reuse
15.0,P010-A,A,0.7,0.7,43.99,driver_degraded,47.99490920000004,Remanufacture
15.0,P010-B,B,0.3,0.3,36.38,ok,97.99990400000002,Reuse
15.0,P011-A,A,0.8091304347826087,0.8091304347826087,46.39,ok,97.99986806956522,Reuse
15.0,P011-B,B,0.3,0.3,37.25,ok,97.99990400000002,Reuse
15.0,P012-A,A,0.6808695652173913,0.6808695652173913,43.59,ok,97.99988606521741,Reuse
15.0,P012-B,B,0.3,0.3,36.29,ok,97.99990400000002,Reuse
15.0,P013-A,A,0.552608695652174,0.552608695652174,41.31,ok,97.9998953478261,Reuse
15.0,P013-B,B,0.3,0.3,36.18,ok,97.99990400000002,Reuse
15.0,P014-A,A,0.3,0.3,36.21,ok,97.99990400000002,Reuse
15.0,P014-B,B,0.3,0.3,36.69,ok,97.99990400000002,Reuse
15.0,P015-A,A,0.3,0.3,36.15,ok,97.99990400000002,Reuse
15.0,P015-B,B,0.3,0.3,36.71,ok,97.99990400000002,Reuse
15.0,P016-A,A,0.3,0.3,36.82,ok,97.99990400000002,Reuse
15.0,P016-B,B,0.3,0.3,36.07,ok,97.99990400000002,Reuse
15.0,P017-A,A,0.3,0.3,37.02,ok,97.99990400000002,Reuse
15.0,P017-B,B,0.3,0.3,36.14,ok,97.99990400000002,Reuse
15.0,P018-A,A,0.3,0.3,37.18,ok,97.99990400000002,Reuse
15.0,P018-B,B,0.3,0.3,37.25,ok,97.99990400000002,Reuse
15.0,P019-A,A,0.3,0.3,36.82,ok,97.99990400000002,Reuse
15.0,P019-B,B,0.3,0.3,36.09,ok,97.99990400000002,Reuse
15.0,P020-A,A,0.3,0.3,36.81,ok,97.99990400000002,Reuse
15.0,P020-B,B,0.3,0.3,36.61,ok,97.99990400000002,Reuse
15.0,P021-A,A,0.3,0.3,37.53,ok,97.99990400000002,Reuse
15.0,P021-B,B,0.3,0.3,36.22,ok,97.99990400000002,Reuse
15.0,P022-A,A,0.3,0.3,37.38,ok,97.99990400000002,Reuse
15.0,P022-B,B,0.3,0.3,37.6,ok,97.99990400000002,Reuse
15.0,P023-A,A,0.3,0.3,37.18,ok,97.99990400000002,Reuse
15.0,P023-B,B,0.3,0.3,37.31,ok,97.99990400000002,Reuse
15.0,P024-A,A,0.3,0.3,36.31,ok,97.99990400000002,Reuse
15.0,P024-B,B,0.3,0.3,37.57,ok,97.99990400000002,Reuse
15.0,P025-A,A,0.3,0.3,36.79,ok,97.99990400000002,Reuse
15.0,P025-B,B,0.3,0.3,37.53,ok,97.99990400000002,Reuse
15.0,P026-A,A,0.3,0.3,37.47,ok,97.99990400000002,Reuse
15.0,P026-B,B,0.3,0.3,36.27,ok,97.99990400000002,Reuse
15.0,P027-A,A,0.3,0.3,37.27,ok,97.99990400000002,Reuse
15.0,P027-B,B,0.3,0.3,37.49,ok,97.99990400000002,Reuse
15.0,P028-A,A,0.3,0.3,36.11,ok,97.99990400000002,Reuse
15.0,P028-B,B,0.3,0.3,36.57,ok,97.99990400000002,Reuse
15.0,P029-A,A,0.3,0.3,37.21,ok,97.99990400000002,Reuse
15.0,P029-B,B,0.3,0.3,36.26,ok,97.99990400000002,Reuse
15.0,P030-A,A,0.3,0.3,37.44,ok,97.99990400000002,Reuse
15.0,P030-B,B,0.3,0.3,36.44,ok,97.99990400000002,Reuse
15.0,P031-A,A,0.3,0.3,37.31,ok,97.99990400000002,Reuse
15.0,P031-B,B,0.3,0.3,36.23,ok,97.99990400000002,Reuse
15.0,P032-A,A,0.3,0.3,36.81,ok,97.99990400000002,Reuse
15.0,P032-B,B,0.3,0.3,37.48,ok,97.99990400000002,Reuse
16.0,P001-A,A,0.3,0.3,36.36,ok,97.99983320000003,Reuse
16.0,P001-B,B,0.3,0.3,36.45,ok,97.99989800000002,Reuse
16.0,P002-A,A,0.3,0.3,36.84,ok,97.99974399999996,Reuse
16.0,P002-B,B,0.3,0.3,36.54,ok,97.99989800000002,Reuse
16.0,P003-A,A,0.3,0.3,36.09,ok,97.99971709565213,Reuse
16.0,P003-B,B,0.3,0.3,36.32,ok,97.99989800000002,Reuse
16.0,P004-A,A,0.46000000000000013,0.3,39.17,ok,97.99970964347821,Reuse
16.0,P004-B,B,0.3,0.3,37.53,ok,97.99989800000002,Reuse
16.0,P005-A,A,0.8200000000000001,0.3,46.48,ok,97.99970565652167,Reuse
16.0,P005-B,B,0.3,0.3,37.46,ok,97.99989800000002,Reuse
16.0,P006-A,A,1.0,1.0,48.9,ok,97.99972764782603,Reuse
16.0,P006-B,B,0.3,0.3,37.29,ok,97.99989800000002,Reuse
16.0,P007-A,A,1.0,1.0,48.81,ok,97.9997532391304,Reuse
16.0,P007-B,B,0.3,0.3,36.88,ok,97.99989800000002,Reuse
16.0,P008-A,A,1.0,1.0,49.65,ok,97.99977883043476,Reuse
16.0,P008-B,B,0.3,0.3,36.61,ok,97.99989800000002,Reuse
16.0,P009-A,A,1.0,1.0,50.03,ok,97.99979982173912,Reuse
16.0,P009-B,B,0.3,0.3,36.92,ok,97.99989800000002,Reuse
16.0,P010-A,A,0.7,0.7,44.16,driver_degraded,47.99454520000004,Remanufacture
16.0,P010-B,B,0.3,0.3,37.44,ok,97.99989800000002,Reuse
16.0,P011-A,A,0.9041304347826087,0.9041304347826087,47.07,ok,97.99984998695653,Reuse
16.0,P011-B,B,0.3,0.3,37.62,ok,97.99989800000002,Reuse
16.0,P012-A,A,0.7758695652173913,0.7758695652173913,45.6,ok,97.9998705478261,Reuse
16.0,P012-B,B,0.3,0.3,36.66,ok,97.99989800000002,Reuse
16.0,P013-A,A,0.6476086956521739,0.6476086956521739,43.56,ok,97.99988239565218,Reuse
16.0,P013-B,B,0.3,0.3,36.45,ok,97.99989800000002,Reuse
16.0,P014-A,A,0.48,0.5193478260869565,40.86,ok,97.99989440000002,Reuse
16.0,P014-B,B,0.3,0.3,36.95,ok,97.99989800000002,Reuse
16.0,P015-A,A,0.3,0.3,36.61,ok,97.99989800000002,Reuse
16.0,P015-B,B,0.3,0.3,37.25,ok,97.99989800000002,Reuse
16.0,P016-A,A,0.3,0.3,36.74,ok,97.99989800000002,Reuse
16.0,P016-B,B,0.3,0.3,36.31,ok,97.99989800000002,Reuse
16.0,P017-A,A,0.3,0.3,37.22,ok,97.99989800000002,Reuse
16.0,P017-B,B,0.3,0.3,36.11,ok,97.99989800000002,Reuse
16.0,P018-A,A,0.3,0.3,37.34,ok,97.99989800000002,Reuse
16.0,P018-B,B,0.3,0.3,36.44,ok,97.99989800000002,Reuse
16.0,P019-A,A,0.3,0.3,37.05,ok,97.99989800000002,Reuse
16.0,P019-B,B,0.3,0.3,37.6,ok,97.99989800000002,Reuse
16.0,P020-A,A,0.3,0.3,36.97,ok,97.99989800000002,Reuse
16.0,P020-B,B,0.3,0.3,37.09,ok,97.99989800000002,Reuse
16.0,P021-A,A,0.3,0.3,36.53,ok,97.99989800000002,Reuse
16.0,P021-B,B,0.3,0.3,36.03,ok,97.99989800000002,Reuse
16.0,P022-A,A,0.3,0.3,36.08,ok,97.99989800000002,Reuse
16.0,P022-B,B,0.3,0.3,36.27,ok,97.99989800000002,Reuse
16.0,P023-A,A,0.3,0.3,37.02,ok,97.99989800000002,Reuse
16.0,P023-B,B,0.3,0.3,36.72,ok,97.99989800000002,Reuse
16.0,P024-A,A,0.3,0.3,36.85,ok,97.99989800000002,Reuse
16.0,P024-B,B,0.3,0.3,37.46,ok,97.99989800000002,Reuse
16.0,P025-A,A,0.3,0.3,36.24,ok,97.99989800000002,Reuse
16.0,P025-B,B,0.3,0.3,36.39,ok,97.99989800000002,Reuse
16.0,P026-A,A,0.3,0.3,37.08,ok,97.99989800000002,Reuse
16.0,P026-B,B,0.3,0.3,36.07,ok,97.99989800000002,Reuse
16.0,P027-A,A,0.3,0.3,36.03,ok,97.99989800000002,Reuse
16.0,P027-B,B,0.3,0.3,36.6,ok,97.99989800000002,Reuse
16.0,P028-A,A,0.3,0.3,36.2,ok,97.99989800000002,Reuse
16.0,P028-B,B,0.3,0.3,36.6,ok,97.99989800000002,Reuse
16.0,P029-A,A,0.3,0.3,36.39,ok,97.99989800000002,Reuse
16.0,P029-B,B,0.3,0.3,36.96,ok,97.99989800000002,Reuse
16.0,P030-A,A,0.3,0.3,36.97,ok,97.99989800000002,Reuse
16.0,P030-B,B,0.3,0.3,36.36,ok,97.99989800000002,Reuse
16.0,P031-A,A,0.3,0.3,37.03,ok,97.99989800000002,Reuse
16.0,P031-B,B,0.3,0.3,36.79,ok,97.99989800000002,Reuse
16.0,P032-A,A,0.3,0.3,36.25,ok,97.99989800000002,Reuse
16.0,P032-B,B,0.3,0.3,37.53,ok,97.99989800000002,Reuse
17.0,P001-A,A,0.3,0.3,36.45,ok,97.99982720000003,Reuse
17.0,P001-B,B,0.3,0.3,36.3,ok,97.99989200000002,Reuse
17.0,P002-A,A,0.3,0.3,36.21,ok,97.99973799999997,Reuse
17.0,P002-B,B,0.3,0.3,37.08,ok,97.99989200000002,Reuse
17.0,P003-A,A,0.3,0.3,37.45,ok,97.99971109565213,Reuse
17.0,P003-B,B,0.3,0.3,37.31,ok,97.99989200000002,Reuse
17.0,P004-A,A,0.3,0.3,36.7,ok,97.99970364347821,Reuse
17.0,P004-B,B,0.3,0.3,36.48,ok,97.99989200000002,Reuse
17.0,P005-A,A,0.6400000000000001,0.3,42.19,ok,97.99969285652168,Reuse
17.0,P005-B,B,0.3,0.3,37.09,ok,97.99989200000002,Reuse
17.0,P006-A,A,1.0,1.0,49.56,ok,97.99970764782603,Reuse
17.0,P006-B,B,0.3,0.3,36.62,ok,97.99989200000002,Reuse
17.0,P007-A,A,1.0,1.0,49.69,ok,97.99973323913039,Reuse
17.0,P007-B,B,0.3,0.3,36.77,ok,97.99989200000002,Reuse
17.0,P008-A,A,1.0,1.0,50.16,ok,97.99975883043476,Reuse
17.0,P008-B,B,0.3,0.3,37.23,ok,97.99989200000002,Reuse
17.0,P009-A,A,1.0,1.0,49.05,ok,97.99977982173911,Reuse
17.0,P009-B,B,0.3,0.3,37.5,ok,97.99989200000002,Reuse
17.0,P010-A,A,0.7,0.7,43.33,driver_degraded,47.99418120000004,Remanufacture
17.0,P010-B,B,0.3,0.3,36.91,ok,97.99989200000002,Reuse
17.0,P011-A,A,0.9491304347826087,0.9491304347826087,48.39,ok,97.99983100434784,Reuse
17.0,P011-B,B,0.3,0.3,36.44,ok,97.99989200000002,Reuse
17.0,P012-A,A,0.8208695652173913,0.8208695652173913,45.53,ok,97.9998541304348,Reuse
17.0,P012-B,B,0.3,0.3,37.3,ok,97.99989200000002,Reuse
17.0,P013-A,A,0.692608695652174,0.692608695652174,43.14,ok,97.99986854347827,Reuse
17.0,P013-B,B,0.3,0.3,36.94,ok,97.99989200000002,Reuse
17.0,P014-A,A,0.5643478260869564,0.5643478260869564,42.32,ok,97.9998831130435,Reuse
17.0,P014-B,B,0.3,0.3,36.28,ok,97.99989200000002,Reuse
17.0,P015-A,A,0.3,0.3,36.38,ok,97.99989200000002,Reuse
17.0,P015-B,B,0.3,0.3,37.03,ok,97.99989200000002,Reuse
17.0,P016-A,A,0.3,0.3,36.87,ok,97.99989200000002,Reuse
17.0,P016-B,B,0.3,0.3,37.08,ok,97.99989200000002,Reuse
17.0,P017-A,A,0.3,0.3,37.36,ok,97.99989200000002,Reuse
17.0,P017-B,B,0.3,0.3,36.34,ok,97.99989200000002,Reuse
17.0,P018-A,A,0.3,0.3,36.55,ok,97.99989200000002,Reuse
17.0,P018-B,B,0.3,0.3,36.54,ok,97.99989200000002,Reuse
17.0,P019-A,A,0.3,0.3,36.13,ok,97.99989200000002,Reuse
17.0,P019-B,B,0.3,0.3,37.48,ok,97.99989200000002,Reuse
17.0,P020-A,A,0.3,0.3,37.31,ok,97.99989200000002,Reuse
17.0,P020-B,B,0.3,0.3,37.2,ok,97.99989200000002,Reuse
17.0,P021-A,A,0.3,0.3,36.07,ok,97.99989200000002,Reuse
17.0,P021-B,B,0.3,0.3,37.41,ok,97.99989200000002,Reuse
17.0,P022-A,A,0.3,0.3,37.25,ok,97.99989200000002,Reuse
17.0,P022-B,B,0.3,0.3,36.8,ok,97.99989200000002,Reuse
17.0,P023-A,A,0.3,0.3,37.24,ok,97.99989200000002,Reuse
17.0,P023-B,B,0.3,0.3,36.78,ok,97.99989200000002,Reuse
17.0,P024-A,A,0.3,0.3,36.42,ok,97.99989200000002,Reuse
17.0,P024-B,B,0.3,0.3,36.22,ok,97.99989200000002,Reuse
17.0,P025-A,A,0.3,0.3,36.43,ok,97.99989200000002,Reuse
17.0,P025-B,B,0.3,0.3,36.12,ok,97.99989200000002,Reuse
17.0,P026-A,A,0.3,0.3,36.59,ok,97.99989200000002,Reuse
17.0,P026-B,B,0.3,0.3,37.26,ok,97.99989200000002,Reuse
17.0,P027-A,A,0.3,0.3,37.17,ok,97.99989200000002,Reuse
17.0,P027-B,B,0.3,0.3,37.41,ok,97.99989200000002,Reuse
17.0,P028-A,A,0.3,0.3,37.19,ok,97.99989200000002,Reuse
17.0,P028-B,B,0.3,0.3,36.48,ok,97.99989200000002,Reuse
17.0,P029-A,A,0.3,0.3,36.94,ok,97.99989200000002,Reuse
17.0,P029-B,B,0.3,0.3,36.75,ok,97.99989200000002,Reuse
17.0,P030-A,A,0.3,0.3,37.32,ok,97.99989200000002,Reuse
17.0,P030-B,B,0.3,0.3,36.89,ok,97.99989200000002,Reuse
17.0,P031-A,A,0.3,0.3,36.48,ok,97.99989200000002,Reuse
17.0,P031-B,B,0.3,0.3,37.08,ok,97.99989200000002,Reuse
17.0,P032-A,A,0.3,0.3,37.6,ok,97.99989200000002,Reuse
17.0,P032-B,B,0.3,0.3,36.4,ok,97.99989200000002,Reuse
18.0,P001-A,A,0.3,0.3,37.49,ok,97.99982120000003,Reuse
18.0,P001-B,B,0.3,0.3,36.11,ok,97.99988600000002,Reuse
18.0,P002-A,A,0.3,0.3,36.5,ok,97.99973199999997,Reuse
18.0,P002-B,B,0.3,0.3,36.46,ok,97.99988600000002,Reuse
18.0,P003-A,A,0.3,0.3,37.27,ok,97.99970509565213,Reuse
18.0,P003-B,B,0.3,0.3,37.59,ok,97.99988600000002,Reuse
18.0,P004-A,A,0.3,0.3,37.28,ok,97.99969764347821,Reuse
18.0,P004-B,B,0.3,0.3,36.61,ok,97.99988600000002,Reuse
18.0,P005-A,A,0.46000000000000013,0.3,40.37,ok,97.99968365652168,Reuse
18.0,P005-B,B,0.3,0.3,36.61,ok,97.99988600000002,Reuse
18.0,P006-A,A,0.8200000000000001,0.3,45.82,ok,97.99969124782602,Reuse
18.0,P006-B,B,0.3,0.3,37.53,ok,97.99988600000002,Reuse
18.0,P007-A,A,1.0,1.0,49.69,ok,97.99971323913039,Reuse
18.0,P007-B,B,0.3,0.3,37.19,ok,97.99988600000002,Reuse
18.0,P008-A,A,1.0,1.0,49.75,ok,97.99973883043475,Reuse
18.0,P008-B,B,0.3,0.3,37.65,ok,97.99988600000002,Reuse
18.0,P009-A,A,1.0,1.0,49.43,ok,97.9997598217391,Reuse
18.0,P009-B,B,0.3,0.3,37.43,ok,97.99988600000002,Reuse
18.0,P010-A,A,0.7,0.7,44.4,driver_degraded,47.993817200000045,Remanufacture
18.0,P010-B,B,0.3,0.3,37.45,ok,97.99988600000002,Reuse
18.0,P011-A,A,1.0,1.0,49.38,ok,97.99981100434783,Reuse
18.0,P011-B,B,0.3,0.3,37.24,ok,97.99988600000002,Reuse
18.0,P012-A,A,0.9158695652173913,0.9158695652173913,48.08,ok,97.99983581304349,Reuse
18.0,P012-B,B,0.3,0.3,36.57,ok,97.99988600000002,Reuse
18.0,P013-A,A,0.7876086956521738,0.7876086956521738,45.2,ok,97.99985279130436,Reuse
18.0,P013-B,B,0.3,0.3,37.08,ok,97.99988600000002,Reuse
18.0,P014-A,A,0.6593478260869565,0.6593478260869565,42.67,ok,97.99986992608697,Reuse
18.0,P014-B,B,0.3,0.3,37.54,ok,97.99988600000002,Reuse
18.0,P015-A,A,0.48,0.5310869565217391,39.55,ok,97.99988240000002,Reuse
18.0,P015-B,B,0.3,0.3,36.13,ok,97.99988600000002,Reuse
18.0,P016-A,A,0.3,0.3,36.25,ok,97.99988600000002,Reuse
18.0,P016-B,B,0.3,0.3,37.57,ok,97.99988600000002,Reuse
18.0,P017-A,A,0.3,0.3,36.63,ok,97.99988600000002,Reuse
18.0,P017-B,B,0.3,0.3,36.31,ok,97.99988600000002,Reuse
18.0,P018-A,A,0.3,0.3,36.13,ok,97.99988600000002,Reuse
18.0,P018-B,B,0.3,0.3,36.15,ok,97.99988600000002,Reuse
18.0,P019-A,A,0.3,0.3,37.19,ok,97.99988600000002,Reuse
18.0,P019-B,B,0.3,0.3,37.1,ok,97.99988600000002,Reuse
18.0,P020-A,A,0.3,0.3,37.2,ok,97.99988600000002,Reuse
18.0,P020-B,B,0.3,0.3,37.26,ok,97.99988600000002,Reuse
18.0,P021-A,A,0.3,0.3,36.19,ok,97.99988600000002,Reuse
18.0,P021-B,B,0.3,0.3,37.03,ok,97.99988600000002,Reuse
18.0,P022-A,A,0.3,0.3,36.66,ok,97.99988600000002,Reuse
18.0,P022-B,B,0.3,0.3,37.39,ok,97.99988600000002,Reuse
18.0,P023-A,A,0.3,0.3,37.39,ok,97.99988600000002,Reuse
18.0,P023-B,B,0.3,0.3,37.51,ok,97.99988600000002,Reuse
18.0,P024-A,A,0.3,0.3,36.19,ok,97.99988600000002,Reuse
18.0,P024-B,B,0.3,0.3,37.47,ok,97.99988600000002,Reuse
18.0,P025-A,A,0.3,0.3,37.55,ok,97.99988600000002,Reuse
18.0,P025-B,B,0.3,0.3,37.59,ok,97.99988600000002,Reuse
18.0,P026-A,A,0.3,0.3,36.25,ok,97.99988600000002,Reuse
18.0,P026-B,B,0.3,0.3,36.41,ok,97.99988600000002,Reuse
18.0,P027-A,A,0.3,0.3,36.26,ok,97.99988600000002,Reuse
18.0,P027-B,B,0.3,0.3,36.14,ok,97.99988600000002,Reuse
18.0,P028-A,A,0.3,0.3,37.44,ok,97.99988600000002,Reuse
18.0,P028-B,B,0.3,0.3,37.38,ok,97.99988600000002,Reuse
18.0,P029-A,A,0.3,0.3,37.1,ok,97.99988600000002,Reuse
18.0,P029-B,B,0.3,0.3,37.4,ok,97.99988600000002,Reuse
18.0,P030-A,A,0.3,0.3,37.09,ok,97.99988600000002,Reuse
18.0,P030-B,B,0.3,0.3,36.54,ok,97.99988600000002,Reuse
18.0,P031-A,A,0.3,0.3,36.24,ok,97.99988600000002,Reuse
18.0,P031-B,B,0.3,0.3,36.24,ok,97.99988600000002,Reuse
18.0,P032-A,A,0.3,0.3,37.29,ok,97.99988600000002,Reuse
18.0,P032-B,B,0.3,0.3,36.41,ok,97.99988600000002,Reuse
19.0,P001-A,A,0.3,0.3,36.62,ok,97.99981520000003,Reuse
19.0,P001-B,B,0.3,0.3,36.79,ok,97.99988000000002,Reuse
19.0,P002-A,A,0.3,0.3,36.14,ok,97.99972599999997,Reuse
19.0,P002-B,B,0.3,0.3,36.52,ok,97.99988000000002,Reuse
19.0,P003-A,A,0.3,0.3,36.56,ok,97.99969909565213,Reuse
19.0,P003-B,B,0.3,0.3,37.25,ok,97.99988000000002,Reuse
19.0,P004-A,A,0.3,0.3,36.7,ok,97.99969164347822,Reuse
19.0,P004-B,B,0.3,0.3,36.62,ok,97.99988000000002,Reuse
19.0,P005-A,A,0.3,0.3,37.65,ok,97.99967765652168,Reuse
19.0,P005-B,B,0.3,0.3,36.91,ok,97.99988000000002,Reuse
19.0,P006-A,A,0.6400000000000001,0.3,43.59,ok,97.99967844782603,Reuse
19.0,P006-B,B,0.3,0.3,37.1,ok,97.99988000000002,Reuse
19.0,P007-A,A,1.0,1.0,48.76,ok,97.99969323913038,Reuse
19.0,P007-B,B,0.3,0.3,36.77,ok,97.99988000000002,Reuse
19.0,P008-A,A,1.0,1.0,49.41,ok,97.99971883043474,Reuse
19.0,P008-B,B,0.3,0.3,37.34,ok,97.99988000000002,Reuse
19.0,P009-A,A,1.0,1.0,49.26,ok,97.9997398217391,Reuse
19.0,P009-B,B,0.3,0.3,37.24,ok,97.99988000000002,Reuse
19.0,P010-A,A,0.7,0.7,44.17,driver_degraded,47.99345320000005,Remanufacture
19.0,P010-B,B,0.3,0.3,36.45,ok,97.99988000000002,Reuse
19.0,P011-A,A,1.0,1.0,50.09,ok,97.99979100434783,Reuse
19.0,P011-B,B,0.3,0.3,36.25,ok,97.99988000000002,Reuse
19.0,P012-A,A,0.9608695652173913,0.9608695652173913,49.32,ok,97.99981659565219,Reuse
19.0,P012-B,B,0.3,0.3,36.38,ok,97.99988000000002,Reuse
19.0,P013-A,A,0.8326086956521739,0.8326086956521739,45.7,ok,97.99983613913045,Reuse
19.0,P013-B,B,0.3,0.3,36.43,ok,97.99988000000002,Reuse
19.0,P014-A,A,0.7043478260869566,0.7043478260869566,44.61,ok,97.99985583913045,Reuse
19.0,P014-B,B,0.3,0.3,37.67,ok,97.99988000000002,Reuse
19.0,P015-A,A,0.5760869565217391,0.5760869565217391,41.08,ok,97.9998708782609,Reuse
19.0,P015-B,B,0.3,0.3,36.89,ok,97.99988000000002,Reuse
19.0,P016-A,A,0.3,0.3,36.89,ok,97.99988000000002,Reuse
19.0,P016-B,B,0.3,0.3,37.38,ok,97.99988000000002,Reuse
19.0,P017-A,A,0.3,0.3,36.4,ok,97.99988000000002,Reuse
19.0,P017-B,B,0.3,0.3,36.9,ok,97.99988000000002,Reuse
19.0,P018-A,A,0.3,0.3,36.66,ok,97.99988000000002,Reuse
19.0,P018-B,B,0.3,0.3,37.44,ok,97.99988000000002,Reuse
19.0,P019-A,A,0.3,0.3,36.52,ok,97.99988000000002,Reuse
19.0,P019-B,B,0.3,0.3,37.62,ok,97.99988000000002,Reuse
19.0,P020-A,A,0.3,0.3,36.56,ok,97.99988000000002,Reuse
19.0,P020-B,B,0.3,0.3,36.45,ok,97.99988000000002,Reuse
19.0,P021-A,A,0.3,0.3,37.23,ok,97.99988000000002,Reuse
19.0,P021-B,B,0.3,0.3,36.91,ok,97.99988000000002,Reuse
19.0,P022-A,A,0.3,0.3,36.28,ok,97.99988000000002,Reuse
19.0,P022-B,B,0.3,0.3,37.13,ok,97.99988000000002,Reuse
19.0,P023-A,A,0.3,0.3,36.24,ok,97.99988000000002,Reuse
19.0,P023-B,B,0.3,0.3,37.37,ok,97.99988000000002,Reuse
19.0,P024-A,A,0.3,0.3,37.22,ok,97.99988000000002,Reuse
19.0,P024-B,B,0.3,0.3,37.37,ok,97.99988000000002,Reuse
19.0,P025-A,A,0.3,0.3,37.11,ok,97.99988000000002,Reuse
19.0,P025-B,B,0.3,0.3,36.68,ok,97.99988000000002,Reuse
19.0,P026-A,A,0.3,0.3,36.75,ok,97.99988000000002,Reuse
19.0,P026-B,B,0.3,0.3,36.74,ok,97.99988000000002,Reuse
19.0,P027-A,A,0.3,0.3,37.53,ok,97.99988000000002,Reuse
19.0,P027-B,B,0.3,0.3,36.25,ok,97.99988000000002,Reuse
19.0,P028-A,A,0.3,0.3,37.53,ok,97.99988000000002,Reuse
19.0,P028-B,B,0.3,0.3,36.15,ok,97.99988000000002,Reuse
19.0,P029-A,A,0.3,0.3,36.44,ok,97.99988000000002,Reuse
19.0,P029-B,B,0.3,0.3,36.53,ok,97.99988000000002,Reuse
19.0,P030-A,A,0.3,0.3,37.55,ok,97.99988000000002,Reuse
19.0,P030-B,B,0.3,0.3,36.91,ok,97.99988000000002,Reuse
19.0,P031-A,A,0.3,0.3,36.71,ok,97.99988000000002,Reuse
19.0,P031-B,B,0.3,0.3,37.52,ok,97.99988000000002,Reuse
19.0,P032-A,A,0.3,0.3,36.48,ok,97.99988000000002,Reuse
19.0,P032-B,B,0.3,0.3,36.85,ok,97.99988000000002,Reuse
20.0,P001-A,A,0.3,0.3,36.98,ok,97.99980920000003,Reuse
20.0,P001-B,B,0.3,0.3,37.34,ok,97.99987400000002,Reuse
20.0,P002-A,A,0.3,0.3,37.34,ok,97.99971999999997,Reuse
20.0,P002-B,B,0.3,0.3,37.17,ok,97.99987400000002,Reuse
20.0,P003-A,A,0.3,0.3,36.69,ok,97.99969309565213,Reuse
20.0,P003-B,B,0.3,0.3,36.66,ok,97.99987400000002,Reuse
20.0,P004-A,A,0.3,0.3,36.38,ok,97.99968564347822,Reuse
20.0,P004-B,B,0.3,0.3,37.48,ok,97.99987400000002,Reuse
20.0,P005-A,A,0.3,0.3,37.19,ok,97.99967165652168,Reuse
20.0,P005-B,B,0.3,0.3,37.32,ok,97.99987400000002,Reuse
20.0,P006-A,A,0.46000000000000013,0.3,39.28,ok,97.99966924782603,Reuse
20.0,P006-B,B,0.3,0.3,36.84,ok,97.99987400000002,Reuse
20.0,P007-A,A,0.8200000000000001,0.3,46.73,ok,97.99967683913037,Reuse
20.0,P007-B,B,0.3,0.3,37.06,ok,97.99987400000002,Reuse
20.0,P008-A,A,1.0,1.0,48.94,ok,97.99969883043474,Reuse
20.0,P008-B,B,0.3,0.3,36.87,ok,97.99987400000002,Reuse
20.0,P009-A,A,1.0,1.0,50.15,ok,97.99971982173909,Reuse
20.0,P009-B,B,0.3,0.3,36.51,ok,97.99987400000002,Reuse
20.0,P010-A,A,0.7,0.7,43.64,driver_degraded,47.99308920000005,Remanufacture
20.0,P010-B,B,0.3,0.3,36.62,ok,97.99987400000002,Reuse
20.0,P011-A,A,1.0,1.0,49.86,ok,97.99977100434782,Reuse
20.0,P011-B,B,0.3,0.3,37.48,ok,97.99987400000002,Reuse
20.0,P012-A,A,1.0,1.0,48.98,ok,97.99979659565219,Reuse
20.0,P012-B,B,0.3,0.3,36.38,ok,97.99987400000002,Reuse
20.0,P013-A,A,0.9276086956521739,0.9276086956521739,47.83,ok,97.99981758695654,Reuse
20.0,P013-B,B,0.3,0.3,36.66,ok,97.99987400000002,Reuse
20.0,P014-A,A,0.7993478260869564,0.7993478260869564,45.96,ok,97.99983985217392,Reuse
20.0,P014-B,B,0.3,0.3,36.39,ok,97.99987400000002,Reuse
20.0,P015-A,A,0.6710869565217391,0.6710869565217391,43.34,ok,97.99985745652177,Reuse
20.0,P015-B,B,0.3,0.3,36.44,ok,97.99987400000002,Reuse
20.0,P016-A,A,0.48,0.5428260869565217,40.93,ok,97.99987040000002,Reuse
20.0,P016-B,B,0.3,0.3,37.3,ok,97.99987400000002,Reuse
20.0,P017-A,A,0.3,0.3,36.3,ok,97.99987400000002,Reuse
20.0,P017-B,B,0.3,0.3,37.67,ok,97.99987400000002,Reuse
20.0,P018-A,A,0.3,0.3,36.3,ok,97.99987400000002,Reuse
20.0,P018-B,B,0.3,0.3,36.75,ok,97.99987400000002,Reuse
20.0,P019-A,A,0.3,0.3,37.71,ok,97.99987400000002,Reuse
20.0,P019-B,B,0.3,0.3,37.41,ok,97.99987400000002,Reuse
20.0,P020-A,A,0.3,0.3,37.31,ok,97.99987400000002,Reuse
20.0,P020-B,B,0.3,0.3,36.83,ok,97.99987400000002,Reuse
20.0,P021-A,A,0.3,0.3,36.45,ok,97.99987400000002,Reuse
20.0,P021-B,B,0.3,0.3,37.15,ok,97.99987400000002,Reuse
20.0,P022-A,A,0.3,0.3,36.3,ok,97.99987400000002,Reuse
20.0,P022-B,B,0.3,0.3,36.46,ok,97.99987400000002,Reuse
20.0,P023-A,A,0.3,0.3,36.75,ok,97.99987400000002,Reuse
20.0,P023-B,B,0.3,0.3,36.19,ok,97.99987400000002,Reuse
20.0,P024-A,A,0.3,0.3,36.77,ok,97.99987400000002,Reuse
20.0,P024-B,B,0.3,0.3,37.4,ok,97.99987400000002,Reuse
20.0,P025-A,A,0.3,0.3,37.24,ok,97.99987400000002,Reuse
20.0,P025-B,B,0.3,0.3,36.93,ok,97.99987400000002,Reuse
20.0,P026-A,A,0.3,0.3,37.15,ok,97.99987400000002,Reuse
20.0,P026-B,B,0.3,0.3,36.87,ok,97.99987400000002,Reuse
20.0,P027-A,A,0.3,0.3,36.36,ok,97.99987400000002,Reuse
20.0,P027-B,B,0.3,0.3,37.1,ok,97.99987400000002,Reuse
20.0,P028-A,A,0.3,0.3,36.78,ok,97.99987400000002,Reuse
20.0,P028-B,B,0.3,0.3,37.32,ok,97.99987400000002,Reuse
20.0,P029-A,A,0.3,0.3,37.59,ok,97.99987400000002,Reuse
20.0,P029-B,B,0.3,0.3,36.82,ok,97.99987400000002,Reuse
20.0,P030-A,A,0.3,0.3,37.05,ok,97.99987400000002,Reuse
20.0,P030-B,B,0.3,0.3,37.33,ok,97.99987400000002,Reuse
20.0,P031-A,A,0.3,0.3,36.81,ok,97.99987400000002,Reuse
20.0,P031-B,B,0.3,0.3,36.5,ok,97.99987400000002,Reuse
20.0,P032-A,A,0.3,0.3,37.29,ok,97.99987400000002,Reuse
20.0,P032-B,B,0.3,0.3,37.54,ok,97.99987400000002,Reuse
21.0,P001-A,A,0.3,0.3,37.4,ok,97.99980320000003,Reuse
21.0,P001-B,B,0.3,0.3,37.28,ok,97.99986800000002,Reuse
21.0,P002-A,A,0.3,0.3,37.52,ok,97.99971399999997,Reuse
21.0,P002-B,B,0.3,0.3,37.25,ok,97.99986800000002,Reuse
21.0,P003-A,A,0.3,0.3,37.19,ok,97.99968709565213,Reuse
21.0,P003-B,B,0.3,0.3,36.89,ok,97.99986800000002,Reuse
21.0,P004-A,A,0.3,0.3,36.66,ok,97.99967964347822,Reuse
21.0,P004-B,B,0.3,0.3,37.16,ok,97.99986800000002,Reuse
21.0,P005-A,A,0.3,0.3,36.32,ok,97.99966565652169,Reuse
21.0,P005-B,B,0.3,0.3,36.83,ok,97.99986800000002,Reuse
21.0,P006-A,A,0.3,0.3,37.41,ok,97.99966324782604,Reuse
21.0,P006-B,B,0.3,0.3,37.3,ok,97.99986800000002,Reuse
21.0,P007-A,A,0.6400000000000001,0.3,43.29,ok,97.99966403913038,Reuse
21.0,P007-B,B,0.3,0.3,36.56,ok,97.99986800000002,Reuse
21.0,P008-A,A,0.8200000000000001,0.3,46.2,ok,97.99968243043473,Reuse
21.0,P008-B,B,0.3,0.3,36.89,ok,97.99986800000002,Reuse
21.0,P009-A,A,1.0,1.0,49.75,ok,97.99969982173909,Reuse
21.0,P009-B,B,0.3,0.3,36.81,ok,97.99986800000002,Reuse
21.0,P010-A,A,0.7,0.7,44.44,driver_degraded,47.99272520000005,Remanufacture
21.0,P010-B,B,0.3,0.3,37.65,ok,97.99986800000002,Reuse
21.0,P011-A,A,1.0,1.0,49.05,ok,97.99975100434781,Reuse
21.0,P011-B,B,0.3,0.3,37.21,ok,97.99986800000002,Reuse
21.0,P012-A,A,1.0,1.0,50.0,ok,97.99977659565218,Reuse
21.0,P012-B,B,0.3,0.3,36.78,ok,97.99986800000002,Reuse
21.0,P013-A,A,1.0,1.0,49.54,ok,97.99979758695653,Reuse
21.0,P013-B,B,0.3,0.3,37.72,ok,97.99986800000002,Reuse
21.0,P014-A,A,0.8943478260869565,0.8943478260869565,46.92,ok,97.9998219652174,Reuse
21.0,P014-B,B,0.3,0.3,37.03,ok,97.99986800000002,Reuse
21.0,P015-A,A,0.7660869565217391,0.7660869565217391,44.81,ok,97.99984213478264,Reuse
21.0,P015-B,B,0.3,0.3,37.41,ok,97.99986800000002,Reuse
21.0,P016-A,A,0.6378260869565218,0.6378260869565218,43.74,ok,97.99985764347828,Reuse
21.0,P016-B,B,0.3,0.3,36.99,ok,97.99986800000002,Reuse
21.0,P017-A,A,0.48,0.5095652173913043,39.56,ok,97.99986440000002,Reuse
21.0,P017-B,B,0.3,0.3,37.08,ok,97.99986800000002,Reuse
21.0,P018-A,A,0.3,0.3,37.02,ok,97.99986800000002,Reuse
21.0,P018-B,B,0.3,0.3,37.31,ok,97.99986800000002,Reuse
21.0,P019-A,A,0.3,0.3,36.98,ok,97.99986800000002,Reuse
21.0,P019-B,B,0.3,0.3,37.18,ok,97.99986800000002,Reuse
21.0,P020-A,A,0.3,0.3,37.49,ok,97.99986800000002,Reuse
21.0,P020-B,B,0.3,0.3,36.99,ok,97.99986800000002,Reuse
21.0,P021-A,A,0.3,0.3,36.82,ok,97.99986800000002,Reuse
21.0,P021-B,B,0.3,0.3,37.68,ok,97.99986800000002,Reuse
21.0,P022-A,A,0.3,0.3,36.5,ok,97.99986800000002,Reuse
21.0,P022-B,B,0.3,0.3,37.25,ok,97.99986800000002,Reuse
21.0,P023-A,A,0.3,0.3,36.79,ok,97.99986800000002,Reuse
21.0,P023-B,B,0.3,0.3,37.38,ok,97.99986800000002,Reuse
21.0,P024-A,A,0.3,0.3,36.35,ok,97.99986800000002,Reuse
21.0,P024-B,B,0.3,0.3,37.73,ok,97.99986800000002,Reuse
21.0,P025-A,A,0.3,0.3,36.73,ok,97.99986800000002,Reuse
21.0,P025-B,B,0.3,0.3,36.25,ok,97.99986800000002,Reuse
21.0,P026-A,A,0.3,0.3,36.6,ok,97.99986800000002,Reuse
21.0,P026-B,B,0.3,0.3,36.8,ok,97.99986800000002,Reuse
21.0,P027-A,A,0.3,0.3,36.18,ok,97.99986800000002,Reuse
21.0,P027-B,B,0.3,0.3,36.83,ok,97.99986800000002,Reuse
21.0,P028-A,A,0.3,0.3,36.83,ok,97.99986800000002,Reuse
21.0,P028-B,B,0.3,0.3,37.28,ok,97.99986800000002,Reuse
21.0,P029-A,A,0.3,0.3,36.72,ok,97.99986800000002,Reuse
21.0,P029-B,B,0.3,0.3,36.58,ok,97.99986800000002,Reuse
21.0,P030-A,A,0.3,0.3,36.52,ok,97.99986800000002,Reuse
21.0,P030-B,B,0.3,0.3,37.35,ok,97.99986800000002,Reuse
21.0,P031-A,A,0.3,0.3,37.66,ok,97.99986800000002,Reuse
21.0,P031-B,B,0.3,0.3,37.0,ok,97.99986800000002,Reuse
21.0,P032-A,A,0.3,0.3,36.51,ok,97.99986800000002,Reuse
21.0,P032-B,B,0.3,0.3,37.44,ok,97.99986800000002,Reuse
22.0,P001-A,A,0.3,0.3,36.81,ok,97.99979720000003,Reuse
22.0,P001-B,B,0.3,0.3,36.52,ok,97.99986200000002,Reuse
22.0,P002-A,A,0.3,0.3,36.39,ok,97.99970799999997,Reuse
22.0,P002-B,B,0.3,0.3,37.43,ok,97.99986200000002,Reuse
22.0,P003-A,A,0.3,0.3,37.48,ok,97.99968109565214,Reuse
22.0,P003-B,B,0.3,0.3,37.2,ok,97.99986200000002,Reuse
22.0,P004-A,A,0.3,0.3,36.93,ok,97.99967364347822,Reuse
22.0,P004-B,B,0.3,0.3,37.08,ok,97.99986200000002,Reuse
22.0,P005-A,A,0.3,0.3,36.55,ok,97.99965965652169,Reuse
22.0,P005-B,B,0.3,0.3,37.73,ok,97.99986200000002,Reuse
22.0,P006-A,A,0.3,0.3,36.75,ok,97.99965724782604,Reuse
22.0,P006-B,B,0.3,0.3,37.21,ok,97.99986200000002,Reuse
22.0,P007-A,A,0.46000000000000013,0.3,40.37,ok,97.99965483913039,Reuse
22.0,P007-B,B,0.3,0.3,37.49,ok,97.99986200000002,Reuse
22.0,P008-A,A,0.6400000000000001,0.3,43.05,ok,97.99966963043474,Reuse
22.0,P008-B,B,0.3,0.3,36.66,ok,97.99986200000002,Reuse
22.0,P009-A,A,1.0,1.0,49.66,ok,97.99967982173908,Reuse
22.0,P009-B,B,0.3,0.3,36.38,ok,97.99986200000002,Reuse
22.0,P010-A,A,0.7,0.7,44.72,driver_degraded,47.992361200000055,Remanufacture
22.0,P010-B,B,0.3,0.3,36.75,ok,97.99986200000002,Reuse
22.0,P011-A,A,1.0,1.0,50.15,ok,97.99973100434781,Reuse
22.0,P011-B,B,0.3,0.3,36.61,ok,97.99986200000002,Reuse
22.0,P012-A,A,1.0,1.0,49.39,ok,97.99975659565217,Reuse
22.0,P012-B,B,0.3,0.3,36.59,ok,97.99986200000002,Reuse
22.0,P013-A,A,1.0,1.0,49.47,ok,97.99977758695653,Reuse
22.0,P013-B,B,0.3,0.3,36.48,ok,97.99986200000002,Reuse
22.0,P014-A,A,0.9393478260869565,0.9393478260869565,47.7,ok,97.99980317826088,Reuse
22.0,P014-B,B,0.3,0.3,37.34,ok,97.99986200000002,Reuse
22.0,P015-A,A,0.8110869565217391,0.8110869565217391,45.83,ok,97.99982591304351,Reuse
22.0,P015-B,B,0.3,0.3,36.58,ok,97.99986200000002,Reuse
22.0,P016-A,A,0.6828260869565218,0.6828260869565218,43.56,ok,97.99984398695653,Reuse
22.0,P016-B,B,0.3,0.3,36.95,ok,97.99986200000002,Reuse
22.0,P017-A,A,0.5545652173913044,0.5545652173913044,41.45,ok,97.99985330869568,Reuse
22.0,P017-B,B,0.3,0.3,37.2,ok,97.99986200000002,Reuse
22.0,P018-A,A,0.3,0.3,37.24,ok,97.99986200000002,Reuse
22.0,P018-B,B,0.3,0.3,36.76,ok,97.99986200000002,Reuse
22.0,P019-A,A,0.3,0.3,37.67,ok,97.99986200000002,Reuse
22.0,P019-B,B,0.3,0.3,37.55,ok,97.99986200000002,Reuse
22.0,P020-A,A,0.3,0.3,36.28,ok,97.99986200000002,Reuse
22.0,P020-B,B,0.3,0.3,37.51,ok,97.99986200000002,Reuse
22.0,P021-A,A,0.3,0.3,37.63,ok,97.99986200000002,Reuse
22.0,P021-B,B,0.3,0.3,37.44,ok,97.99986200000002,Reuse
22.0,P022-A,A,0.3,0.3,36.41,ok,97.99986200000002,Reuse
22.0,P022-B,B,0.3,0.3,37.51,ok,97.99986200000002,Reuse
22.0,P023-A,A,0.3,0.3,37.2,ok,97.99986200000002,Reuse
22.0,P023-B,B,0.3,0.3,36.21,ok,97.99986200000002,Reuse
22.0,P024-A,A,0.3,0.3,36.2,ok,97.99986200000002,Reuse
22.0,P024-B,B,0.3,0.3,37.71,ok,97.99986200000002,Reuse
22.0,P025-A,A,0.3,0.3,37.23,ok,97.99986200000002,Reuse
22.0,P025-B,B,0.3,0.3,36.58,ok,97.99986200000002,Reuse
22.0,P026-A,A,0.3,0.3,36.35,ok,97.99986200000002,Reuse
22.0,P026-B,B,0.3,0.3,36.41,ok,97.99986200000002,Reuse
22.0,P027-A,A,0.3,0.3,36.56,ok,97.99986200000002,Reuse
22.0,P027-B,B,0.3,0.3,37.43,ok,97.99986200000002,Reuse
22.0,P028-A,A,0.3,0.3,36.74,ok,97.99986200000002,Reuse
22.0,P028-B,B,0.3,0.3,36.43,ok,97.99986200000002,Reuse
22.0,P029-A,A,0.3,0.3,37.63,ok,97.99986200000002,Reuse
22.0,P029-B,B,0.3,0.3,37.45,ok,97.99986200000002,Reuse
22.0,P030-A,A,0.3,0.3,36.45,ok,97.99986200000002,Reuse
22.0,P030-B,B,0.3,0.3,37.61,ok,97.99986200000002,Reuse
22.0,P031-A,A,0.3,0.3,37.16,ok,97.99986200000002,Reuse
22.0,P031-B,B,0.3,0.3,37.43,ok,97.99986200000002,Reuse
22.0,P032-A,A,0.3,0.3,37.25,ok,97.99986200000002,Reuse
22.0,P032-B,B,0.3,0.3,37.61,ok,97.99986200000002,Reuse
23.0,P001-A,A,0.3,0.3,37.47,ok,97.99979120000003,Reuse
23.0,P001-B,B,0.3,0.3,37.55,ok,97.99985600000002,Reuse
23.0,P002-A,A,0.3,0.3,36.52,ok,97.99970199999997,Reuse
23.0,P002-B,B,0.3,0.3,37.32,ok,97.99985600000002,Reuse
23.0,P003-A,A,0.3,0.3,37.06,ok,97.99967509565214,Reuse
23.0,P003-B,B,0.3,0.3,37.4,ok,97.99985600000002,Reuse
23.0,P004-A,A,0.3,0.3,36.91,ok,97.99966764347822,Reuse
23.0,P004-B,B,0.3,0.3,37.62,ok,97.99985600000002,Reuse
23.0,P005-A,A,0.3,0.3,37.1,ok,97.99965365652169,Reuse
23.0,P005-B,B,0.3,0.3,36.63,ok,97.99985600000002,Reuse
23.0,P006-A,A,0.3,0.3,36.58,ok,97.99965124782604,Reuse
23.0,P006-B,B,0.3,0.3,36.43,ok,97.99985600000002,Reuse
23.0,P007-A,A,0.3,0.3,37.0,ok,97.99964883913039,Reuse
23.0,P007-B,B,0.3,0.3,36.3,ok,97.99985600000002,Reuse
23.0,P008-A,A,0.46000000000000013,0.3,39.84,ok,97.99966043043474,Reuse
23.0,P008-B,B,0.3,0.3,36.44,ok,97.99985600000002,Reuse
23.0,P009-A,A,0.8200000000000001,0.3,46.36,ok,97.99966342173907,Reuse
23.0,P009-B,B,0.3,0.3,37.01,ok,97.99985600000002,Reuse
23.0,P010-A,A,0.7,0.7,44.27,driver_degraded,47.99199720000006,Remanufacture
23.0,P010-B,B,0.3,0.3,37.59,ok,97.99985600000002,Reuse
23.0,P011-A,A,1.0,1.0,48.82,ok,97.9997110043478,Reuse
23.0,P011-B,B,0.3,0.3,37.55,ok,97.99985600000002,Reuse
23.0,P012-A,A,1.0,1.0,49.56,ok,97.99973659565217,Reuse
23.0,P012-B,B,0.3,0.3,37.11,ok,97.99985600000002,Reuse
23.0,P013-A,A,1.0,1.0,49.87,ok,97.99975758695652,Reuse
23.0,P013-B,B,0.3,0.3,37.55,ok,97.99985600000002,Reuse
23.0,P014-A,A,1.0,1.0,49.41,ok,97.99978317826087,Reuse
23.0,P014-B,B,0.3,0.3,36.88,ok,97.99985600000002,Reuse
23.0,P015-A,A,0.9060869565217391,0.9060869565217391,48.66,ok,97.99980779130438,Reuse
23.0,P015-B,B,0.3,0.3,36.33,ok,97.99985600000002,Reuse
23.0,P016-A,A,0.7778260869565217,0.7778260869565217,45.83,ok,97.99982843043479,Reuse
23.0,P016-B,B,0.3,0.3,37.23,ok,97.99985600000002,Reuse
23.0,P017-A,A,0.6495652173913044,0.6495652173913044,42.55,ok,97.99984031739133,Reuse
23.0,P017-B,B,0.3,0.3,37.18,ok,97.99985600000002,Reuse
23.0,P018-A,A,0.48,0.5213043478260869,40.54,ok,97.99985240000002,Reuse
23.0,P018-B,B,0.3,0.3,37.7,ok,97.99985600000002,Reuse
23.0,P019-A,A,0.3,0.3,36.74,ok,97.99985600000002,Reuse
23.0,P019-B,B,0.3,0.3,37.78,ok,97.99985600000002,Reuse
23.0,P020-A,A,0.3,0.3,37.03,ok,97.99985600000002,Reuse
23.0,P020-B,B,0.3,0.3,36.98,ok,97.99985600000002,Reuse
23.0,P021-A,A,0.3,0.3,37.65,ok,97.99985600000002,Reuse
23.0,P021-B,B,0.3,0.3,36.26,ok,97.99985600000002,Reuse
23.0,P022-A,A,0.3,0.3,37.36,ok,97.99985600000002,Reuse
23.0,P022-B,B,0.3,0.3,37.21,ok,97.99985600000002,Reuse
23.0,P023-A,A,0.3,0.3,36.75,ok,97.99985600000002,Reuse
23.0,P023-B,B,0.3,0.3,37.59,ok,97.99985600000002,Reuse
23.0,P024-A,A,0.3,0.3,36.8,ok,97.99985600000002,Reuse
23.0,P024-B,B,0.3,0.3,36.97,ok,97.99985600000002,Reuse
23.0,P025-A,A,0.3,0.3,37.05,ok,97.99985600000002,Reuse
23.0,P025-B,B,0.3,0.3,37.44,ok,97.99985600000002,Reuse
23.0,P026-A,A,0.3,0.3,36.55,ok,97.99985600000002,Reuse
23.0,P026-B,B,0.3,0.3,36.91,ok,97.99985600000002,Reuse
23.0,P027-A,A,0.3,0.3,36.88,ok,97.99985600000002,Reuse
23.0,P027-B,B,0.3,0.3,37.1,ok,97.99985600000002,Reuse
23.0,P028-A,A,0.3,0.3,37.53,ok,97.99985600000002,Reuse
23.0,P028-B,B,0.3,0.3,36.68,ok,97.99985600000002,Reuse
23.0,P029-A,A,0.3,0.3,37.53,ok,97.99985600000002,Reuse
23.0,P029-B,B,0.3,0.3,36.86,ok,97.99985600000002,Reuse
23.0,P030-A,A,0.3,0.3,37.02,ok,97.99985600000002,Reuse
23.0,P030-B,B,0.3,0.3,36.64,ok,97.99985600000002,Reuse
23.0,P031-A,A,0.3,0.3,37.02,ok,97.99985600000002,Reuse
23.0,P031-B,B,0.3,0.3,37.77,ok,97.99985600000002,Reuse
23.0,P032-A,A,0.3,0.3,37.26,ok,97.99985600000002,Reuse
23.0,P032-B,B,0.3,0.3,37.48,ok,97.99985600000002,Reuse
24.0,P001-A,A,0.3,0.3,36.76,ok,97.99978520000003,Reuse
24.0,P001-B,B,0.3,0.3,36.74,ok,97.99985000000002,Reuse
24.0,P002-A,A,0.3,0.3,36.71,ok,97.99969599999997,Reuse
24.0,P002-B,B,0.3,0.3,37.17,ok,97.99985000000002,Reuse
24.0,P003-A,A,0.3,0.3,37.25,ok,97.99966909565214,Reuse
24.0,P003-B,B,0.3,0.3,37.49,ok,97.99985000000002,Reuse
24.0,P004-A,A,0.3,0.3,36.3,ok,97.99966164347822,Reuse
24.0,P004-B,B,0.3,0.3,37.39,ok,97.99985000000002,Reuse
24.0,P005-A,A,0.3,0.3,37.65,ok,97.99964765652169,Reuse
24.0,P005-B,B,0.3,0.3,37.11,ok,97.99985000000002,Reuse
24.0,P006-A,A,0.3,0.3,36.31,ok,97.99964524782604,Reuse
24.0,P006-B,B,0.3,0.3,36.71,ok,97.99985000000002,Reuse
24.0,P007-A,A,0.3,0.3,36.24,ok,97.99964283913039,Reuse
24.0,P007-B,B,0.3,0.3,36.54,ok,97.99985000000002,Reuse
24.0,P008-A,A,0.3,0.3,37.71,ok,97.99965443043475,Reuse
24.0,P008-B,B,0.3,0.3,37.21,ok,97.99985000000002,Reuse
24.0,P009-A,A,0.6400000000000001,0.3,43.41,ok,97.99965062173908,Reuse
24.0,P009-B,B,0.3,0.3,37.5,ok,97.99985000000002,Reuse
24.0,P010-A,A,0.7,0.7,44.89,driver_degraded,47.99163320000006,Remanufacture
24.0,P010-B,B,0.3,0.3,37.21,ok,97.99985000000002,Reuse
24.0,P011-A,A,1.0,1.0,49.82,ok,97.9996910043478,Reuse
24.0,P011-B,B,0.3,0.3,37.24,ok,97.99985000000002,Reuse
24.0,P012-A,A,1.0,1.0,49.95,ok,97.99971659565216,Reuse
24.0,P012-B,B,0.3,0.3,37.19,ok,97.99985000000002,Reuse
24.0,P013-A,A,1.0,1.0,49.92,ok,97.99973758695651,Reuse
24.0,P013-B,B,0.3,0.3,36.57,ok,97.99985000000002,Reuse
24.0,P014-A,A,1.0,1.0,49.9,ok,97.99976317826086,Reuse
24.0,P014-B,B,0.3,0.3,36.97,ok,97.99985000000002,Reuse
24.0,P015-A,A,0.9510869565217391,0.9510869565217391,49.17,ok,97.99978876956524,Reuse
24.0,P015-B,B,0.3,0.3,36.4,ok,97.99985000000002,Reuse
24.0,P016-A,A,0.8228260869565217,0.8228260869565217,45.93,ok,97.99981197391305,Reuse
24.0,P016-B,B,0.3,0.3,36.29,ok,97.99985000000002,Reuse
24.0,P017-A,A,0.6945652173913044,0.6945652173913044,44.58,ok,97.99982642608698,Reuse
24.0,P017-B,B,0.3,0.3,37.7,ok,97.99985000000002,Reuse
24.0,P018-A,A,0.566304347826087,0.566304347826087,42.08,ok,97.99984107391306,Reuse
24.0,P018-B,B,0.3,0.3,36.82,ok,97.99985000000002,Reuse
24.0,P019-A,A,0.3,0.3,37.55,ok,97.99985000000002,Reuse
24.0,P019-B,B,0.3,0.3,37.49,ok,97.99985000000002,Reuse
24.0,P020-A,A,0.3,0.3,37.13,ok,97.99985000000002,Reuse
24.0,P020-B,B,0.3,0.3,36.65,ok,97.99985000000002,Reuse
24.0,P021-A,A,0.3,0.3,36.72,ok,97.99985000000002,Reuse
24.0,P021-B,B,0.3,0.3,36.91,ok,97.99985000000002,Reuse
24.0,P022-A,A,0.3,0.3,36.74,ok,97.99985000000002,Reuse
24.0,P022-B,B,0.3,0.3,36.92,ok,97.99985000000002,Reuse
24.0,P023-A,A,0.3,0.3,37.26,ok,97.99985000000002,Reuse
24.0,P023-B,B,0.3,0.3,37.73,ok,97.99985000000002,Reuse
24.0,P024-A,A,0.3,0.3,36.32,ok,97.99985000000002,Reuse
24.0,P024-B,B,0.3,0.3,37.14,ok,97.99985000000002,Reuse
24.0,P025-A,A,0.3,0.3,36.3,ok,97.99985000000002,Reuse
24.0,P025-B,B,0.3,0.3,36.42,ok,97.99985000000002,Reuse
24.0,P026-A,A,0.3,0.3,37.53,ok,97.99985000000002,Reuse
24.0,P026-B,B,0.3,0.3,37.15,ok,97.99985000000002,Reuse
24.0,P027-A,A,0.3,0.3,37.7,ok,97.99985000000002,Reuse
24.0,P027-B,B,0.3,0.3,36.95,ok,97.99985000000002,Reuse
24.0,P028-A,A,0.3,0.3,36.26,ok,97.99985000000002,Reuse
24.0,P028-B,B,0.3,0.3,36.85,ok,97.99985000000002,Reuse
24.0,P029-A,A,0.3,0.3,37.18,ok,97.99985000000002,Reuse
24.0,P029-B,B,0.3,0.3,37.73,ok,97.99985000000002,Reuse
24.0,P030-A,A,0.3,0.3,37.8,ok,97.99985000000002,Reuse
24.0,P030-B,B,0.3,0.3,36.99,ok,97.99985000000002,Reuse
24.0,P031-A,A,0.3,0.3,36.89,ok,97.99985000000002,Reuse
24.0,P031-B,B,0.3,0.3,36.4,ok,97.99985000000002,Reuse
24.0,P032-A,A,0.3,0.3,37.27,ok,97.99985000000002,Reuse
24.0,P032-B,B,0.3,0.3,36.57,ok,97.99985000000002,Reuse
